atom_id,delta_e_kj_mol,pe_eV,bulk_reference_mean_pe_eV,bulk_reference_std_pe_eV,bulk_reference_count,x_A,y_A,z_A,first_neighbor_count
27695,-24.882523220546258,-154411.470757652,-154411.2128684716,0.07187727060743061,20,54.73863768155121,3.490435716874135,6.825039332475641,11
38906,-18.33693329976163,-154411.402917393,-154411.2128684716,0.07187727060743061,20,72.06049405214486,62.021910183799676,78.19008433257905,11
33923,10.179308056395461,-154411.107367378,-154411.2128684716,0.07187727060743061,20,65.86856744381093,15.666281034954972,2.3596741171051896,11
33997,-3.0597583273393574,-154411.244580632,-154411.2128684716,0.07187727060743061,20,62.054420973685076,63.12661719889142,58.35471259170086,11
24891,-21.14400692599553,-154411.432010661,-154411.2128684716,0.07187727060743061,20,50.33866122311652,37.1615898993239,93.2538043426099,11
27979,8.310422485461812,-154411.126737012,-154411.2128684716,0.07187727060743061,20,51.325160385267,21.347947057681484,80.2956347030658,13
36222,-9.81277685599911,-154411.314570737,-154411.2128684716,0.07187727060743061,20,65.4047286401199,35.22616232811663,42.21706548512544,11
46519,5.727081846103626,-154411.153511451,-154411.2128684716,0.07187727060743061,20,87.83431167396769,75.76333260675497,8.043460837537708,14
37642,-23.410547241032,-154411.455501696,-154411.2128684716,0.07187727060743061,20,68.1203255631076,55.57551252304363,73.95582137765335,10
25231,5.8780520588148475,-154411.151946755,-154411.2128684716,0.07187727060743061,20,46.95825300882112,95.40377493954017,79.8974141162279,11
6677,12.875715320294285,-154411.079421086,-154411.2128684716,0.07187727060743061,20,13.033345707590117,13.61687369630688,41.15546192263554,13
32624,-3.033451215889429,-154411.244307978,-154411.2128684716,0.07187727060743061,20,61.351293403810125,47.112431704324635,64.56716286692671,13
33335,-7.7839426282398225,-154411.293543352,-154411.2128684716,0.07187727060743061,20,64.91461750256477,21.552320776345994,19.500856837701637,11
46975,-21.36770025698546,-154411.434329079,-154411.2128684716,0.07187727060743061,20,88.30863410231912,72.23094991982205,48.828019800470386,11
26829,4.156537028963914,-154411.169789001,-154411.2128684716,0.07187727060743061,20,49.717897251635144,54.12322731178424,60.794917281823565,11
40264,1.0173648446553853,-154411.202324228,-154411.2128684716,0.07187727060743061,20,77.63587381191405,65.63165225299682,22.30123777424403,11
7884,-6.592926243506255,-154411.281199337,-154411.2128684716,0.07187727060743061,20,14.328268579149446,85.51779772817929,2.7428930827809515,11
46196,-7.602129141943093,-154411.291658988,-154411.2128684716,0.07187727060743061,20,88.73134093061715,73.1927249908864,9.019775943392789,13
24189,-2.9743000142256033,-154411.243694919,-154411.2128684716,0.07187727060743061,20,49.57681017996863,87.7142843665462,8.075034340463041,10
16946,-22.88483137317959,-154411.450053035,-154411.2128684716,0.07187727060743061,20,32.38449479198739,37.49865500487428,43.76161063904107,11
2839,1.900810791422465,-154411.193167956,-154411.2128684716,0.07187727060743061,20,1.5536997161980752,74.67067291635074,68.28554545060777,11
50804,5.666812284997833,-154411.154136101,-154411.2128684716,0.07187727060743061,20,95.3068544094197,6.658269540271471,2.146964308578977,13
39178,-0.959824640184717,-154411.222816353,-154411.2128684716,0.07187727060743061,20,72.91350076577281,34.6904691956967,62.65450646471962,11
39139,-16.376623538429005,-154411.382600214,-154411.2128684716,0.07187727060743061,20,72.28332842511358,28.317655054985565,55.38799352583222,11
10008,-13.812447104311776,-154411.356024398,-154411.2128684716,0.07187727060743061,20,19.572337032384983,90.98994074181971,86.86670631233093,10
40891,-9.752682508648398,-154411.313947903,-154411.2128684716,0.07187727060743061,20,75.2682708339709,63.62468098384277,53.5429724255095,11
22872,-31.028294523078095,-154411.534454083,-154411.2128684716,0.07187727060743061,20,43.216366366767616,93.74613544993156,78.61250413210638,11
21409,-1.0344325980532454,-154411.22358961,-154411.2128684716,0.07187727060743061,20,38.33464281690165,57.77421485763539,85.55096819682424,10
19957,-13.787024376399893,-154411.35576091,-154411.2128684716,0.07187727060743061,20,35.60148640083609,30.793314471213076,55.04611175707611,13
40298,-17.337462874503817,-154411.392558612,-154411.2128684716,0.07187727060743061,20,75.35010992007162,60.07648420123079,32.85075458246981,11
30517,-6.592719764446518,-154411.281197197,-154411.2128684716,0.07187727060743061,20,54.239612227807946,65.31036968708108,51.84177352831785,11
39740,-6.022028609830452,-154411.2752824,-154411.2128684716,0.07187727060743061,20,74.52924450581845,29.48682869606524,65.9437083240258,13
37430,1.7673702268608913,-154411.19455097,-154411.2128684716,0.07187727060743061,20,70.76012258168932,54.59190634037214,26.899795521368958,11
10986,-7.79770259440174,-154411.293685964,-154411.2128684716,0.07187727060743061,20,21.6817546760175,92.87185611540984,15.030018545403623,11
43425,-5.533537364211258,-154411.270219545,-154411.2128684716,0.07187727060743061,20,82.42917074297102,21.38430367819633,57.636680356540076,13
71,-0.9193390107326438,-154411.222396749,-154411.2128684716,0.07187727060743061,20,96.48904673110135,69.66715333474417,20.700088160538396,11
21418,-6.0473215645440925,-154411.275544543,-154411.2128684716,0.07187727060743061,20,39.80482146232916,18.556419365755747,83.75355985993929,13
12555,-4.280982825967928,-154411.257237732,-154411.2128684716,0.07187727060743061,20,26.70468783983019,84.82672940887811,17.445639000401417,11
21259,-21.19291051829005,-154411.432517511,-154411.2128684716,0.07187727060743061,20,37.06767590762587,46.05188275133489,63.116524860668214,11
19178,-15.576369560513253,-154411.374306166,-154411.2128684716,0.07187727060743061,20,35.550112723103865,79.44378355310945,17.05969016834169,11
20095,-23.513645579997032,-154411.456570235,-154411.2128684716,0.07187727060743061,20,36.79171157835069,15.635450535618661,85.16601852046492,11
7968,-9.446091780544462,-154411.310770314,-154411.2128684716,0.07187727060743061,20,15.079593635499853,87.78728027785232,6.296204255487365,10
16920,-13.23767201685668,-154411.350067274,-154411.2128684716,0.07187727060743061,20,33.30300765204094,1.1832362156151521,74.43462644337524,11
47602,0.8656978149611991,-154411.203896146,-154411.2128684716,0.07187727060743061,20,94.75580198829361,6.168358088903294,68.3091017434929,10
34849,-0.8300913309009991,-154411.221471762,-154411.2128684716,0.07187727060743061,20,66.09885554302043,18.02128893699819,70.77302861334478,13
28666,-3.5808751261624527,-154411.249981627,-154411.2128684716,0.07187727060743061,20,55.03002062502687,30.577923693830783,34.15735822637075,11
1587,13.945468555414573,-154411.068333875,-154411.2128684716,0.07187727060743061,20,1.6641530911251945,21.27267780363679,16.39636247897172,10
45166,-5.76467492380245,-154411.272615117,-154411.2128684716,0.07187727060743061,20,83.24036582861116,74.76132667668183,62.84967585184305,11
13430,1.801783939829402,-154411.194194297,-154411.2128684716,0.07187727060743061,20,23.798729329713684,1.9087921749884524,76.01419781398144,11
21686,-17.68937517775287,-154411.396205926,-154411.2128684716,0.07187727060743061,20,38.68245811849224,78.85481399005202,7.593416534007777,11
14316,-11.078828918864254,-154411.327692442,-154411.2128684716,0.07187727060743061,20,27.396595773311084,20.114609384222952,57.55013789705744,13
40362,10.446414574274907,-154411.104599014,-154411.2128684716,0.07187727060743061,20,74.49802371921301,19.06452075526233,82.81141403233424,10
22042,-9.203981522723215,-154411.308261018,-154411.2128684716,0.07187727060743061,20,43.49347600332955,60.1237033291229,11.429330722364977,13
27429,-3.1546687311874657,-154411.245564309,-154411.2128684716,0.07187727060743061,20,53.54180462436,31.342698230401776,40.01039796847871,11
21281,-8.431078820272782,-154411.300250446,-154411.2128684716,0.07187727060743061,20,42.88508595699487,26.954766892609484,95.65211193516562,13
23890,-15.997861779929108,-154411.378674625,-154411.2128684716,0.07187727060743061,20,49.344057568742784,2.6107186962737217,76.90903095137084,11
24548,-0.13226541144378332,-154411.214239306,-154411.2128684716,0.07187727060743061,20,44.28371024636545,77.58074762785122,85.90350192310078,10
29309,-10.640619266853182,-154411.323150719,-154411.2128684716,0.07187727060743061,20,55.70507857156314,33.14387726796988,25.179828902251455,11
38848,-16.26873614611172,-154411.38148204,-154411.2128684716,0.07187727060743061,20,72.29506865524202,37.27354023511434,39.008545052067745,11
47032,3.386383775052217,-154411.177771077,-154411.2128684716,0.07187727060743061,20,88.57776649596768,74.70975129001904,16.080262431811125,11
47668,-1.53891966663382,-154411.22881825,-154411.2128684716,0.07187727060743061,20,87.27987581586606,74.63001200481101,56.121946321456406,11
19227,9.884396778536688,-154411.110423918,-154411.2128684716,0.07187727060743061,20,37.09592819656311,19.04019339058214,13.121508606835958,13
18053,1.183314022206477,-154411.200604286,-154411.2128684716,0.07187727060743061,20,31.741628910075672,63.7324573261643,54.72507504663075,11
4488,-1.8650501234137682,-154411.232198354,-154411.2128684716,0.07187727060743061,20,7.629418804723065,6.250970604470274,15.799513750366108,10
25827,-2.8685254617806923,-154411.242598643,-154411.2128684716,0.07187727060743061,20,50.412411980100444,88.53063056673452,81.60678401151142,10
4404,1.6901068943687672,-154411.195351748,-154411.2128684716,0.07187727060743061,20,9.313368825715742,76.03427991144669,23.847854910682987,11
21030,-8.222981861050876,-154411.298093673,-154411.2128684716,0.07187727060743061,20,37.978587506254094,59.735192659403836,60.2419948159487,11
42189,41.45092339765405,-154410.783259924,-154411.2128684716,0.07187727060743061,20,78.71284660610844,9.517727810736124,70.62207634919875,8
16384,-5.04042032213598,-154411.265108747,-154411.2128684716,0.07187727060743061,20,29.44853337178422,9.496010552564503,77.78966704721545,11
27048,6.979408487963835,-154411.140532,-154411.2128684716,0.07187727060743061,20,54.43668664630128,36.77110842240993,51.53166717075867,11
51251,-4.633038313866184,-154411.26088653,-154411.2128684716,0.07187727060743061,20,96.52201050413726,96.32616861697636,84.88076011441267,11
46062,-0.7550495760567166,-154411.220694009,-154411.2128684716,0.07187727060743061,20,85.40851716921591,66.92296009252959,92.84156828998509,13
35023,1.6847260045809243,-154411.195407517,-154411.2128684716,0.07187727060743061,20,66.42561454450592,23.89623968104318,7.91433103604732,13
27538,-9.596862267659006,-154411.31233294,-154411.2128684716,0.07187727060743061,20,53.04214939500266,8.501362546332086,80.4983313468225,11
43981,-10.699107904649379,-154411.323756911,-154411.2128684716,0.07187727060743061,20,81.69165588783758,11.759936239995383,0.38072807143843757,11
17761,0.8919313094516542,-154411.203624255,-154411.2128684716,0.07187727060743061,20,34.16170340944056,15.089808986069885,6.896461043761147,11
24513,-0.2546363115246303,-154411.215507591,-154411.2128684716,0.07187727060743061,20,46.048888669833836,80.64092480813329,23.556295922235492,13
44403,-25.57555922456675,-154411.477940464,-154411.2128684716,0.07187727060743061,20,84.27269417657776,19.096083471011937,14.882300602753697,10
27022,6.277443153371081,-154411.147807358,-154411.2128684716,0.07187727060743061,20,48.26427973410434,51.08187961735217,87.36681038722556,11
2390,10.355085033450083,-154411.105545578,-154411.2128684716,0.07187727060743061,20,1.0953087344542418,68.19861840249656,34.16531748680351,13
18799,1.5217295702511293,-154411.197096856,-154411.2128684716,0.07187727060743061,20,32.076840775107414,52.02045089838093,57.70112358667747,11
21586,-14.295578975749759,-154411.361031707,-154411.2128684716,0.07187727060743061,20,43.49386276984298,2.706429239946316,16.52293401644723,11
46241,2.5199174159949984,-154411.186751368,-154411.2128684716,0.07187727060743061,20,88.27143099597306,20.9754678774589,35.029283788489,13
49340,9.441691586259726,-154411.115012234,-154411.2128684716,0.07187727060743061,20,92.47399815871933,75.93081506320097,89.19363589936454,11
9891,0.486925540153963,-154411.207821844,-154411.2128684716,0.07187727060743061,20,18.175410081004905,76.46826156525844,72.83986224169739,11
36913,-0.9384363524771867,-154411.222594679,-154411.2128684716,0.07187727060743061,20,69.25881353795012,77.37009247496185,77.5440851027162,11
371,5.823798067003541,-154411.152509058,-154411.2128684716,0.07187727060743061,20,97.15164860373345,66.31865541651842,27.37968849262507,11
16944,-28.19309243116529,-154411.505069284,-154411.2128684716,0.07187727060743061,20,30.169688488072758,38.95940203428438,34.702711172984166,11
33916,-2.0840673874712454,-154411.234468308,-154411.2128684716,0.07187727060743061,20,63.07992566912453,66.86000806682009,54.18210135101417,13
13959,6.372459882842987,-154411.146822579,-154411.2128684716,0.07187727060743061,20,25.572221702536005,87.94602845765452,80.78649319646568,11
31824,-7.374777860167771,-154411.289302658,-154411.2128684716,0.07187727060743061,20,59.00250906140973,60.8201763344818,11.5732108493676,11
26232,-14.461445174160156,-154411.362750789,-154411.2128684716,0.07187727060743061,20,45.33138987662335,18.93867445580001,71.9139383653979,11
33591,-10.932737969484801,-154411.326178316,-154411.2128684716,0.07187727060743061,20,64.84750642289971,43.626605809356356,47.76984071532485,11
936,4.234865558086107,-154411.168977183,-154411.2128684716,0.07187727060743061,20,1.8557195513739144,24.881500277613736,20.029001148763147,11
21516,-5.94267868751696,-154411.274459996,-154411.2128684716,0.07187727060743061,20,41.76537019675243,31.705835177774564,35.55272925784311,10
330,-4.502244823206044,-154411.259530951,-154411.2128684716,0.07187727060743061,20,0.4247352076808093,82.7502276324601,83.19024713445916,11
39615,-22.83298179674302,-154411.449515652,-154411.2128684716,0.07187727060743061,20,73.90141996909087,59.247228124517775,56.309826782876826,10
20160,-14.04096421914506,-154411.358392811,-154411.2128684716,0.07187727060743061,20,37.37196102160469,67.29660266671735,93.29925717777682,11
39608,-12.47806962667439,-154411.34219455,-154411.2128684716,0.07187727060743061,20,74.34927500711694,23.715409152759474,58.25546464520723,11
42769,4.0749745036670015,-154411.170634337,-154411.2128684716,0.07187727060743061,20,80.96456893375404,88.93229828999608,20.50969497660802,13
34066,17.31837278887093,-154411.033376186,-154411.2128684716,0.07187727060743061,20,63.88262718696023,78.21978304932091,16.239064463067717,10
32881,-5.318982737996948,-154411.267995843,-154411.2128684716,0.07187727060743061,20,60.963781101571875,72.86852276128185,33.34768955316588,11
12619,4.2472265829868014,-154411.16884907,-154411.2128684716,0.07187727060743061,20,23.560169410490552,79.0930321309643,89.82621873514213,13
17614,0.19666939208811748,-154411.210830137,-154411.2128684716,0.07187727060743061,20,30.708472847032898,72.12659301167707,24.27293452207921,13
38193,0.843554141880265,-154411.204125649,-154411.2128684716,0.07187727060743061,20,72.49661954547891,52.25934133362846,27.18881425414665,11
30028,-2.893980221606547,-154411.242862463,-154411.2128684716,0.07187727060743061,20,59.0588719794796,87.37694724329492,81.92846568983038,13
25564,-16.94526292918996,-154411.388493746,-154411.2128684716,0.07187727060743061,20,51.0122334541105,89.94201450905288,12.447899414684573,11
41730,-21.12785971875412,-154411.431843307,-154411.2128684716,0.07187727060743061,20,86.39811211697501,93.54874390692822,74.32817413304855,11
27236,4.9060474398931575,-154411.162020873,-154411.2128684716,0.07187727060743061,20,49.3233823903373,49.508120804728456,6.697070599999535,11
9799,10.821819704381701,-154411.100708214,-154411.2128684716,0.07187727060743061,20,18.13728234873795,88.8688214762179,87.94551266235979,11
46958,0.3680872572549009,-154411.209053516,-154411.2128684716,0.07187727060743061,20,88.54266295017275,77.2632972768027,87.15242241846519,11
43683,1.2409915059073011,-154411.200006501,-154411.2128684716,0.07187727060743061,20,84.51247167003417,28.52572107352833,58.29886105167102,11
20678,-4.131656914429851,-154411.255690078,-154411.2128684716,0.07187727060743061,20,37.45838134689489,74.3024931935463,34.80648439575185,11
30225,11.801515172650216,-154411.090554386,-154411.2128684716,0.07187727060743061,20,58.365699850583546,19.832350839260222,8.319344415534367,13
32627,-10.552972570555957,-154411.322242325,-154411.2128684716,0.07187727060743061,20,65.26857379440695,21.245572057898116,7.5111084453055605,11
21056,-8.238111050428468,-154411.298250476,-154411.2128684716,0.07187727060743061,20,42.394933488394855,11.231359165288973,18.233195664286058,11
15713,-1.1108821733480199,-154411.224381954,-154411.2128684716,0.07187727060743061,20,30.279794440324867,90.0851306290307,75.58222775851682,11
35340,-10.684176219667101,-154411.323602155,-154411.2128684716,0.07187727060743061,20,64.23317619122729,39.6066297837318,48.59141231070498,11
36833,21.638895458996867,-154410.988597124,-154411.2128684716,0.07187727060743061,20,71.88595037638075,5.517478706122747,87.82540799914774,9
38784,-10.879737128375444,-154411.325629001,-154411.2128684716,0.07187727060743061,20,72.9190798039813,51.99103605326242,92.51013757693003,11
3915,1.6391737361923082,-154411.195879633,-154411.2128684716,0.07187727060743061,20,1.897727553722546,93.53537534614482,75.91124872767014,11
34804,-13.353870847018026,-154411.35127159,-154411.2128684716,0.07187727060743061,20,66.23227636035489,42.832912760688295,26.610267304505232,11
47629,9.478680106862809,-154411.114628875,-154411.2128684716,0.07187727060743061,20,89.88739944786013,0.5992528149062077,84.99827707501221,10
46336,0.18594051212706353,-154411.210941334,-154411.2128684716,0.07187727060743061,20,85.96196882121194,70.03440090346874,18.531339049541778,11
23202,-29.09917779170698,-154411.514460197,-154411.2128684716,0.07187727060743061,20,42.67631173351961,82.2627678092748,11.231522040396909,10
48991,-8.191691283563499,-154411.297769369,-154411.2128684716,0.07187727060743061,20,91.94410210837516,72.82961697554958,46.73658883888077,11
40073,-4.437624543601634,-154411.258861209,-154411.2128684716,0.07187727060743061,20,76.13669830206493,57.05806535832142,82.11306338769009,11
22814,-14.04157255874173,-154411.358399116,-154411.2128684716,0.07187727060743061,20,46.47185145038437,96.962862376496,16.617800766842265,11
28280,-13.507575934266622,-154411.352864631,-154411.2128684716,0.07187727060743061,20,46.610904013876656,34.07145846844278,5.117135410875767,10
37974,-8.40655099501438,-154411.299996233,-154411.2128684716,0.07187727060743061,20,72.06776055839686,53.65898919820926,65.00972934615307,11
34856,11.808180281878169,-154411.090485307,-154411.2128684716,0.07187727060743061,20,66.44560812999393,10.251731187530272,13.797280052227837,13
23792,-15.870451063813643,-154411.377354106,-154411.2128684716,0.07187727060743061,20,43.104558241698705,39.41925493379581,49.012619225278804,11
16154,-0.7923951877740579,-154411.221081069,-154411.2128684716,0.07187727060743061,20,30.520345269685897,28.90840905951822,54.74655292124123,10
39164,38.393617282236086,-154410.814946669,-154411.2128684716,0.07187727060743061,20,74.54934909399029,50.43488724089927,31.90149700238584,13
10530,-6.513711592636604,-154411.280378335,-154411.2128684716,0.07187727060743061,20,17.12993242729436,69.20015780207576,40.78211588701507,11
33703,-12.377083155981639,-154411.341147899,-154411.2128684716,0.07187727060743061,20,60.8514644522875,45.674062215855685,80.8876500122008,11
9774,10.834205623024603,-154411.100579843,-154411.2128684716,0.07187727060743061,20,18.476324132388164,95.92185213671053,92.73949882667036,10
11195,8.001217678546228,-154411.129941694,-154411.2128684716,0.07187727060743061,20,21.7811134352059,71.91069925812424,72.04002879376942,13
46996,1.3927063911180935,-154411.198434087,-154411.2128684716,0.07187727060743061,20,87.7125425254885,15.15170470047241,22.090757759950336,11
22415,6.404628865438952,-154411.146489171,-154411.2128684716,0.07187727060743061,20,45.589797695653886,90.63706638379652,14.05369554261066,11
36872,6.206363954364902,-154411.148544042,-154411.2128684716,0.07187727060743061,20,66.4124286234998,81.40231334557066,79.44207597349904,11
42635,25.226003691782783,-154410.951419367,-154411.2128684716,0.07187727060743061,20,82.20673452281152,9.516134539444726,67.79821947078459,10
822,-14.824796970512898,-154411.366516665,-154411.2128684716,0.07187727060743061,20,2.777837176554619,90.65930932998965,1.7270809966968674,11
11928,-9.003805912333233,-154411.306186344,-154411.2128684716,0.07187727060743061,20,21.365320425942397,71.1472636357249,38.628222642584255,11
22699,-7.875176842740142,-154411.294488928,-154411.2128684716,0.07187727060743061,20,40.23704424433889,55.761011096310554,1.0057024592725858,13
45769,10.42683770014803,-154411.104801914,-154411.2128684716,0.07187727060743061,20,89.29018995743783,2.1957890672631564,67.69848159708687,11
5526,-3.9237079641604895,-154411.253534839,-154411.2128684716,0.07187727060743061,20,11.061206111690085,15.23656523399064,45.70532262237762,11
17803,-20.671548648788583,-154411.427113976,-154411.2128684716,0.07187727060743061,20,34.452117615483594,64.80068036291794,82.36579702662169,11
1677,12.75421799821059,-154411.080680317,-154411.2128684716,0.07187727060743061,20,3.365480031996241,23.410235414237352,15.492493740569286,10
25628,-7.498858287800106,-154411.290588661,-154411.2128684716,0.07187727060743061,20,49.47927020177102,37.38923319248388,49.961648300454684,11
13311,3.650922915510502,-154411.175029322,-154411.2128684716,0.07187727060743061,20,27.023809665982846,70.53083545880887,65.73675035827908,11
29915,6.187698575911549,-154411.148737495,-154411.2128684716,0.07187727060743061,20,58.74960827576191,97.5924444412044,96.01481619176248,11
11001,-25.812386232793084,-154411.480395003,-154411.2128684716,0.07187727060743061,20,21.236295649580843,19.609338233403175,51.77621382461366,11
25379,5.634981000827611,-154411.154466009,-154411.2128684716,0.07187727060743061,20,48.6103688730274,85.22019517486012,10.109434851972164,11
22773,-15.361768912466902,-154411.372081987,-154411.2128684716,0.07187727060743061,20,37.4740733633394,73.75144049499144,24.44950926142087,11
21578,-6.032704520738006,-154411.275393048,-154411.2128684716,0.07187727060743061,20,39.843093835725924,66.06075680934613,58.99249960522371,11
24109,-11.429303397191804,-154411.331324854,-154411.2128684716,0.07187727060743061,20,46.422554135121885,81.91783876010103,86.61187879520168,11
29778,-15.430853952832594,-154411.372798003,-154411.2128684716,0.07187727060743061,20,49.97804561262517,35.30468985734149,88.69238406244047,11
24027,-4.318288686324332,-154411.25762438,-154411.2128684716,0.07187727060743061,20,42.280153719936855,54.591600604478394,90.5731488222479,13
26945,-21.178150287026664,-154411.432364532,-154411.2128684716,0.07187727060743061,20,45.91064158456407,78.71538223990899,76.16759715930878,11
39934,76.10598997777898,-154410.424085469,-154411.2128684716,0.07187727060743061,20,78.77604628237795,16.527189273518673,84.17549991226002,5
14496,-15.623288642773966,-154411.374792448,-154411.2128684716,0.07187727060743061,20,23.931239133473746,80.24672689559245,82.15950532766905,11
37340,0.11609699748594397,-154411.211665211,-154411.2128684716,0.07187727060743061,20,69.6157930525503,37.712343620506466,66.91013293870259,13
9389,6.098922711823369,-154411.149657592,-154411.2128684716,0.07187727060743061,20,17.780136359050164,80.85501175434972,18.661550025279045,10
35245,-14.104417604232449,-154411.359050459,-154411.2128684716,0.07187727060743061,20,65.03158348619337,22.065547104319553,10.231181618825481,13
23542,-15.705107816515646,-154411.375640444,-154411.2128684716,0.07187727060743061,20,45.20516062823876,64.69990190350046,18.32254234021998,11
41485,23.339143578141197,-154410.970975294,-154411.2128684716,0.07187727060743061,20,76.4519293033619,60.103453469003696,30.162794911819446,11
5542,11.415918488321545,-154411.094550814,-154411.2128684716,0.07187727060743061,20,9.833817384247826,66.49455258519946,61.471365024909346,11
45190,-18.495880343601286,-154411.404564763,-154411.2128684716,0.07187727060743061,20,85.58290751412976,13.293196560104992,6.908857745460996,11
10972,-2.8548005181515235,-154411.242456394,-154411.2128684716,0.07187727060743061,20,20.12331497097428,19.478378156564187,30.792598439469938,11
14750,-15.709707466820158,-154411.375688116,-154411.2128684716,0.07187727060743061,20,26.546231266196234,54.707976462102806,47.92487682628324,11
13940,4.7652441740870675,-154411.163480196,-154411.2128684716,0.07187727060743061,20,26.419928456631524,20.62250559863441,60.08381925271565,13
38886,4.078775349868045,-154411.170594944,-154411.2128684716,0.07187727060743061,20,72.78285816407364,37.21196725335805,61.22060190275066,11
21549,1.2022548633260064,-154411.200407978,-154411.2128684716,0.07187727060743061,20,41.619122928949636,45.81671551915331,18.716760856571295,11
8453,15.362620896230824,-154411.053646126,-154411.2128684716,0.07187727060743061,20,15.354463052032399,16.930711236489717,34.48202394143099,11
38072,4.111803822259848,-154411.170252628,-154411.2128684716,0.07187727060743061,20,74.43853429644946,12.514819034308296,70.29291156331428,11
17040,-21.877205235669127,-154411.439609726,-154411.2128684716,0.07187727060743061,20,36.01971519017756,85.5155705688391,19.814183485921514,11
42020,-10.390625869918027,-154411.32055972,-154411.2128684716,0.07187727060743061,20,80.4400741824457,62.595772811620535,12.105837392772006,13
21511,-20.46636255570083,-154411.424987372,-154411.2128684716,0.07187727060743061,20,39.826246844573646,74.41374510467699,96.29619278268446,9
23838,16.448369665078943,-154411.042393133,-154411.2128684716,0.07187727060743061,20,44.063314736645566,21.867133878867307,90.1863924803432,13
21916,0.11117701961742674,-154411.211716203,-154411.2128684716,0.07187727060743061,20,35.03509645422481,67.96278594421736,88.58524537065507,11
20720,-1.907816570038288,-154411.232641597,-154411.2128684716,0.07187727060743061,20,39.92461842496376,2.605508275338434,81.23730237098519,11
28966,11.423690191082853,-154411.094470266,-154411.2128684716,0.07187727060743061,20,53.887846079969286,73.3629432723101,40.688672269785144,11
18181,-29.29209538935817,-154411.516459647,-154411.2128684716,0.07187727060743061,20,33.24236806925383,46.28396614934043,52.64737709302929,9
37109,-14.049791469929756,-154411.358484299,-154411.2128684716,0.07187727060743061,20,69.93596830553896,18.83894798919663,78.1393168386304,11
24793,-5.611718465656106,-154411.271029835,-154411.2128684716,0.07187727060743061,20,48.72168657611634,30.683725867643393,28.317541113461473,11
15953,-21.85452925491076,-154411.439374706,-154411.2128684716,0.07187727060743061,20,32.275743456545484,31.97157461452966,32.58226164336651,11
7920,19.97584725929385,-154411.005833404,-154411.2128684716,0.07187727060743061,20,17.440245765071786,6.3081095141914485,16.80770606005908,13
26562,-12.83396773957759,-154411.345883174,-154411.2128684716,0.07187727060743061,20,53.472930646481075,84.1852325759603,92.92356485601304,11
40290,-16.92225880032928,-154411.388255325,-154411.2128684716,0.07187727060743061,20,76.25089924223165,53.368303660188225,14.61513879173702,10
25119,4.836222259289587,-154411.16274456,-154411.2128684716,0.07187727060743061,20,45.9003960828256,63.48680419347773,60.59862993201632,10
15344,-4.237526315823501,-154411.256787337,-154411.2128684716,0.07187727060743061,20,29.440730197903267,21.64963929642041,53.57305835140506,11
17945,-16.093188031424127,-154411.379662612,-154411.2128684716,0.07187727060743061,20,37.33812904046153,12.514563268790145,12.51727997279501,9
42829,-13.204854943303108,-154411.349727149,-154411.2128684716,0.07187727060743061,20,81.40612459568318,16.275704597072984,64.99602638001281,11
36421,-11.600714413420375,-154411.333101404,-154411.2128684716,0.07187727060743061,20,76.3657149858534,8.048391053220191,93.75009907301214,9
12841,-10.421810023498361,-154411.320882921,-154411.2128684716,0.07187727060743061,20,25.527878439361768,0.34035098114240503,17.566515942305582,11
32190,-2.2769340407038077,-154411.23646723,-154411.2128684716,0.07187727060743061,20,61.38356140526481,35.61011747528967,31.639609825839845,11
32687,4.799506792009104,-154411.163125089,-154411.2128684716,0.07187727060743061,20,64.25230982617124,62.842280094410775,60.69806994100351,11
7645,-14.22021216170519,-154411.360250585,-154411.2128684716,0.07187727060743061,20,18.36085983582327,17.31648914133597,31.86331643319261,11
3049,13.659636838281969,-154411.071296312,-154411.2128684716,0.07187727060743061,20,4.607451026170965,81.86877193748865,71.94607944431063,13
29769,-2.8197535746522258,-154411.242093158,-154411.2128684716,0.07187727060743061,20,53.08716651013202,33.668435330159106,62.69871465246322,11
9427,3.8265045110879257,-154411.173209547,-154411.2128684716,0.07187727060743061,20,19.346412118537962,70.55016847615093,28.956153475458876,13
27574,-2.950020640589237,-154411.243443281,-154411.2128684716,0.07187727060743061,20,53.1805909888628,48.30827740344354,53.51980447387217,11
46294,36.031218598977475,-154410.839431206,-154411.2128684716,0.07187727060743061,20,86.37544868306549,64.93465508394931,27.961951443266827,13
31461,-6.967597602129524,-154411.285082532,-154411.2128684716,0.07187727060743061,20,57.12492800967871,32.51654717730863,0.5116581667576676,13
4153,-22.316520899938357,-154411.444162912,-154411.2128684716,0.07187727060743061,20,7.854608487859861,76.09397255870901,19.124041395052767,10
25291,2.3647209506881106,-154411.188359866,-154411.2128684716,0.07187727060743061,20,47.4415541997621,15.58212156687546,14.304860289146053,11
28191,-6.5506011195460525,-154411.280760668,-154411.2128684716,0.07187727060743061,20,51.861858994401125,37.96660629195489,56.42122947258773,11
5586,12.651278956730946,-154411.081747205,-154411.2128684716,0.07187727060743061,20,10.838438710931753,13.452173971155563,49.64003038605826,11
11431,-18.728481778790396,-154411.406975507,-154411.2128684716,0.07187727060743061,20,19.973474807159985,66.00439317794718,32.38270456168559,10
39536,-6.768789187512254,-154411.283022028,-154411.2128684716,0.07187727060743061,20,71.00899361930973,11.664428747227944,96.11152847934297,11
14209,-17.340317876440842,-154411.392588202,-154411.2128684716,0.07187727060743061,20,29.04368335231699,2.5510201147637694,18.43230759286774,11
25765,-17.587291478516075,-154411.395147903,-154411.2128684716,0.07187727060743061,20,46.08227689722695,52.509164704058975,71.95269521477012,11
15225,2.6794027487496415,-154411.185098419,-154411.2128684716,0.07187727060743061,20,30.462969138747273,11.624022540224338,13.190590865484607,13
39636,-22.17134559659351,-154411.442658276,-154411.2128684716,0.07187727060743061,20,74.00387567162724,62.78639712697764,29.81985752803038,11
21212,8.63987995087256,-154411.123322426,-154411.2128684716,0.07187727060743061,20,42.48481039498033,86.94543171291598,10.052594191823085,11
24155,-12.376484852508447,-154411.341141698,-154411.2128684716,0.07187727060743061,20,42.530273859284065,26.198127310656446,60.68553234174366,11
18550,-25.813964251745013,-154411.480411358,-154411.2128684716,0.07187727060743061,20,33.21666760611342,80.49675501975287,78.0841417757581,10
13579,0.4449083010988019,-154411.208257322,-154411.2128684716,0.07187727060743061,20,27.350954953578064,7.584363687327461,13.475938048537206,13
25060,-14.061404539670457,-154411.35860466,-154411.2128684716,0.07187727060743061,20,48.38021469617484,36.50372589594243,45.35960329868812,11
28845,-7.232008129131873,-154411.287822954,-154411.2128684716,0.07187727060743061,20,52.64158398506181,71.22510977858049,42.26742942436541,11
40410,-6.2919638880202,-154411.278080082,-154411.2128684716,0.07187727060743061,20,76.62475240737739,59.09841256423553,47.48102699108665,11
17491,-28.818142069531895,-154411.511547467,-154411.2128684716,0.07187727060743061,20,32.849230781388215,43.34537371578873,42.614071665778155,10
24242,-5.543756319802169,-154411.270325457,-154411.2128684716,0.07187727060743061,20,44.768724730950225,50.23507435145472,9.723676894532655,11
32845,-15.02692245311264,-154411.368611548,-154411.2128684716,0.07187727060743061,20,60.65458098184024,13.040103408637131,79.73315611651368,11
40732,-8.485806846220825,-154411.300817662,-154411.2128684716,0.07187727060743061,20,77.70766374914426,11.2944738110648,72.68040996318,9
2854,-2.330900121573788,-154411.237026549,-154411.2128684716,0.07187727060743061,20,3.2848756122112404,82.37411079381032,83.28340154791145,11
39734,-7.5547693182932605,-154411.291168138,-154411.2128684716,0.07187727060743061,20,74.12356696342705,53.51252685995649,55.055990607228686,13
21214,-15.039766385723153,-154411.368744666,-154411.2128684716,0.07187727060743061,20,39.47040016431271,31.004893307887503,60.6790754654858,11
12434,13.157065970071018,-154411.076505092,-154411.2128684716,0.07187727060743061,20,22.892462119605494,5.594733609145802,15.35349014876442,13
46951,-13.176341403865711,-154411.349431627,-154411.2128684716,0.07187727060743061,20,90.4786625368005,15.257223349489708,52.75384921531697,11
30138,-1.9963668544198614,-154411.233559356,-154411.2128684716,0.07187727060743061,20,55.77725294655418,61.92641627879365,58.457648044738,11
31601,18.117723083227183,-154411.025091504,-154411.2128684716,0.07187727060743061,20,59.02036779068283,74.3348891580848,70.86891287321751,11
29822,7.187536805157455,-154411.138374902,-154411.2128684716,0.07187727060743061,20,57.24883115806701,36.14209506263018,31.72440759296124,13
26492,-11.239645074166246,-154411.329359184,-154411.2128684716,0.07187727060743061,20,47.36285041854341,52.843122076398735,89.48432311398766,11
21231,-7.5817516328362755,-154411.29144779,-154411.2128684716,0.07187727060743061,20,40.90294946096057,44.868363106981114,16.071622314232464,10
30284,-22.526810005188015,-154411.446342405,-154411.2128684716,0.07187727060743061,20,52.56390396414395,5.747718726563734,80.11454696697662,10
35487,12.072994213868464,-154411.087740704,-154411.2128684716,0.07187727060743061,20,66.61869192474978,59.80177108166589,14.613598094519508,10
13201,-7.6374265645073915,-154411.29202482,-154411.2128684716,0.07187727060743061,20,24.251593812803993,75.9493005735755,94.00980494688854,11
23147,2.9192401026038057,-154411.18261268,-154411.2128684716,0.07187727060743061,20,44.18335418376257,45.55822181030137,35.47079285313285,11
38340,-0.9467303267924506,-154411.22268064,-154411.2128684716,0.07187727060743061,20,70.25410046347595,66.53749273117606,57.645768559424255,13
14070,-5.066311967839612,-154411.265377095,-154411.2128684716,0.07187727060743061,20,26.921643976999597,83.19744742471379,81.85573239029752,10
10262,-15.69383254067584,-154411.375523584,-154411.2128684716,0.07187727060743061,20,19.074185033861433,5.528951880542242,8.977307820860469,11
41321,4.0090051657609385,-154411.171318061,-154411.2128684716,0.07187727060743061,20,77.90364637978281,93.75764606596225,19.366601659295636,13
50677,-4.370765610337385,-154411.258168265,-154411.2128684716,0.07187727060743061,20,90.3985363827207,4.330950893289087,66.2762631081175,10
50554,-23.017791152949464,-154411.451431066,-154411.2128684716,0.07187727060743061,20,95.37128700946168,68.18580489177492,42.1031893683225,11
12690,-11.68258395592167,-154411.333949922,-154411.2128684716,0.07187727060743061,20,18.64940598213976,84.45036988749683,72.36751263705487,11
20835,-16.128772306278787,-154411.380031417,-154411.2128684716,0.07187727060743061,20,38.68915438349988,39.744426828546274,74.47343423121639,11
13744,8.815965874291281,-154411.121497424,-154411.2128684716,0.07187727060743061,20,25.387602153842845,81.54956814971744,21.396110640044625,13
22479,-5.301754510522836,-154411.267817285,-154411.2128684716,0.07187727060743061,20,43.11998218967046,68.18067891888778,20.677667682361346,11
27730,-10.85815403484973,-154411.325405308,-154411.2128684716,0.07187727060743061,20,49.19988658259599,71.98496756202046,15.135381888896623,11
12592,10.761698924453958,-154411.101331322,-154411.2128684716,0.07187727060743061,20,20.765521688149764,64.06508686234781,50.85315107576799,10
24685,-0.36129534579083367,-154411.216613034,-154411.2128684716,0.07187727060743061,20,43.643643592821704,44.99123580788993,54.97364515321446,11
34792,-9.553530029659127,-154411.311883833,-154411.2128684716,0.07187727060743061,20,65.41012642200882,70.27098076905624,36.357239272913404,11
7304,-11.15606716385577,-154411.32849296,-154411.2128684716,0.07187727060743061,20,11.632709458189225,70.4677621874846,46.12418030156556,11
23520,-8.92047558313604,-154411.305322686,-154411.2128684716,0.07187727060743061,20,44.96586097328193,66.17815065090434,8.354399719734717,13
49863,-28.59454049578059,-154411.50923,-154411.2128684716,0.07187727060743061,20,94.13257123895922,72.6991924155679,56.27068072797585,10
39061,-7.646682307780643,-154411.292120749,-154411.2128684716,0.07187727060743061,20,72.77709782060866,46.4516626291362,7.642497383433962,11
38073,-6.103842962076883,-154411.276130346,-154411.2128684716,0.07187727060743061,20,71.7090674975172,49.460742225148635,3.9023724756796447,11
25239,-23.529227189621484,-154411.456731727,-154411.2128684716,0.07187727060743061,20,47.342012086893355,82.63953162708597,95.13607695519961,11
19000,-4.229079314493952,-154411.25669979,-154411.2128684716,0.07187727060743061,20,35.744293298037526,17.532307458634538,78.18197810492599,13
34044,8.588477293629154,-154411.123855177,-154411.2128684716,0.07187727060743061,20,61.915676740528575,9.794748013674111,89.43198128763022,11
30649,-9.89776837143114,-154411.315451612,-154411.2128684716,0.07187727060743061,20,56.159640684542175,57.93418826085217,14.526037394356848,11
17298,-8.87444667470062,-154411.30484563,-154411.2128684716,0.07187727060743061,20,37.0362899862483,76.98448348630139,17.61764673939482,11
10782,6.4353886768918125,-154411.146170368,-154411.2128684716,0.07187727060743061,20,21.99739363555691,88.7686541098753,17.114095241733615,10
21839,12.154547188841942,-154411.086895467,-154411.2128684716,0.07187727060743061,20,40.17929092174834,35.643327144098244,58.25897682280602,13
24432,-5.683500078174097,-154411.271773799,-154411.2128684716,0.07187727060743061,20,45.4755305697709,70.35738304142444,24.548836901809278,11
31455,-10.855272886761126,-154411.325375447,-154411.2128684716,0.07187727060743061,20,58.90176951606917,65.2396953333671,64.99121939553633,11
24390,-23.036606854223784,-154411.451626077,-154411.2128684716,0.07187727060743061,20,46.958576053409296,89.83454889147771,81.2458974120978,10
20486,-6.047151076809103,-154411.275542776,-154411.2128684716,0.07187727060743061,20,38.05147133554463,81.57438955503858,13.052689418659645,11
35110,25.483225386219274,-154410.948753452,-154411.2128684716,0.07187727060743061,20,65.16294395548913,40.016393123187804,55.16343824855458,13
30522,6.943020104518507,-154411.140909139,-154411.2128684716,0.07187727060743061,20,56.523061871232386,65.2710549819381,63.406305873171966,13
24068,-13.688745190733272,-154411.354742318,-154411.2128684716,0.07187727060743061,20,49.43025076613029,24.091157837165486,9.85781430116849,10
8059,-19.340338784013365,-154411.413316958,-154411.2128684716,0.07187727060743061,20,15.24815793942131,95.66650053079218,5.26411515318661,11
34896,4.390431559974312,-154411.167364855,-154411.2128684716,0.07187727060743061,20,66.49094821314131,40.39626553329319,43.717357326520215,13
33700,-22.615638358145837,-154411.447263046,-154411.2128684716,0.07187727060743061,20,63.19263617541393,24.127162077386895,87.7438653189965,13
20737,12.899123626368414,-154411.079178476,-154411.2128684716,0.07187727060743061,20,35.76732346513518,78.55229162192363,19.879130400207472,13
35328,-16.406262384529825,-154411.382907399,-154411.2128684716,0.07187727060743061,20,64.71012281977839,49.37124132217466,85.4344218586258,11
23496,18.70644445098991,-154411.018989837,-154411.2128684716,0.07187727060743061,20,47.822788103117254,54.171876786921004,64.11673724117968,11
40626,-3.040589587028612,-154411.244381962,-154411.2128684716,0.07187727060743061,20,77.41913429074884,51.472670904059726,12.918870620557351,11
8178,-8.618901897434538,-154411.302197095,-154411.2128684716,0.07187727060743061,20,12.854444862009418,2.7018850568328663,65.67654458597612,11
46220,-14.743624632511368,-154411.365675373,-154411.2128684716,0.07187727060743061,20,90.14200213043277,73.8619978416504,76.79663792868934,11
38745,-16.976923144349993,-154411.388821881,-154411.2128684716,0.07187727060743061,20,74.79149858590472,55.17085711531503,80.14096585605121,11
48657,-26.606678478168508,-154411.488627262,-154411.2128684716,0.07187727060743061,20,85.71440403712546,66.90462050528986,30.119898508663827,10
18008,-4.95153832337431,-154411.26418755,-154411.2128684716,0.07187727060743061,20,33.6557843052306,62.283190397876034,63.938516407844524,11
22357,-7.144928959611324,-154411.286920442,-154411.2128684716,0.07187727060743061,20,42.473854811597114,18.111001048876027,81.39500698786117,13
29054,11.875923986197265,-154411.089783193,-154411.2128684716,0.07187727060743061,20,54.05988042142334,27.953502354448215,22.585405058298832,13
36646,-19.754918310279887,-154411.417613772,-154411.2128684716,0.07187727060743061,20,70.88789536755485,53.479322167400824,12.58987211268595,11
429,-15.560972431349954,-154411.374146586,-154411.2128684716,0.07187727060743061,20,1.2625872792003767,91.61351956567894,86.99024445456034,11
29155,-5.423786072251776,-154411.269082053,-154411.2128684716,0.07187727060743061,20,54.25837641886103,55.39979781178652,44.098977896036004,11
49828,-10.891904990192211,-154411.325755112,-154411.2128684716,0.07187727060743061,20,96.08652801561696,67.9515973993801,58.18953973278835,11
50661,-2.1845883156997306,-154411.235510134,-154411.2128684716,0.07187727060743061,20,94.8574655154902,71.89946237958883,23.57852185474497,10
30148,-8.647759307485536,-154411.302496181,-154411.2128684716,0.07187727060743061,20,58.13054696599557,44.852072434846214,16.184702840011195,11
17564,6.593715609609998,-154411.144529425,-154411.2128684716,0.07187727060743061,20,34.30801964218667,92.78457575510932,16.95289449060966,11
49965,-2.226880540045301,-154411.235948462,-154411.2128684716,0.07187727060743061,20,93.22609398010225,84.66716887868502,81.04777785113146,11
45498,-15.77607750552085,-154411.376375993,-154411.2128684716,0.07187727060743061,20,86.31593237438156,6.423495266104503,69.3443253240665,11
3743,-17.424048813765605,-154411.393456012,-154411.2128684716,0.07187727060743061,20,6.894383491861864,76.94736144146009,65.09939169260439,11
23054,-20.97883735361779,-154411.430298799,-154411.2128684716,0.07187727060743061,20,41.99235351714863,57.42451031964064,97.19076305165098,11
38182,-9.201228505098596,-154411.308232485,-154411.2128684716,0.07187727060743061,20,72.15656273324885,0.19729667191642553,18.88130930633019,13
22484,-13.27384455906105,-154411.350442176,-154411.2128684716,0.07187727060743061,20,41.307714346536514,35.11499371859831,90.5369482333452,11
17405,12.460157625808128,-154411.083728038,-154411.2128684716,0.07187727060743061,20,33.92913111515688,3.520280131068086,76.25259189596808,11
20119,-1.0622048403185531,-154411.223877449,-154411.2128684716,0.07187727060743061,20,37.24428338578064,45.53664457563499,52.87954077972398,11
29584,-26.994451580397453,-154411.492646247,-154411.2128684716,0.07187727060743061,20,53.22335633779416,73.7244774259492,24.661387815189272,11
373,-5.790833158599175,-154411.272886228,-154411.2128684716,0.07187727060743061,20,2.2930445297625877,0.21108055066533304,53.73631180190653,11
41170,9.399940453305707,-154411.115444954,-154411.2128684716,0.07187727060743061,20,74.40467238393565,69.79258598816126,37.78514685932411,11
48277,3.0584261737560445,-154411.181170118,-154411.2128684716,0.07187727060743061,20,91.22000359327366,14.998555135124407,19.23950687043267,11
19984,4.283962891931659,-154411.168468325,-154411.2128684716,0.07187727060743061,20,39.44540781754524,94.86491558898835,1.9855299983674513,11
215,-14.365299759889249,-154411.361754312,-154411.2128684716,0.07187727060743061,20,1.5608233044962703,92.10439000622141,84.31179827602207,11
47558,-2.6327589213562406,-154411.240155095,-154411.2128684716,0.07187727060743061,20,89.41495570362908,70.47073841082971,9.575246612364914,13
19939,-8.117308618976116,-154411.296998447,-154411.2128684716,0.07187727060743061,20,37.47099455353664,35.348268399255076,1.8352978264337783,11
14685,-22.821952655848733,-154411.449401343,-154411.2128684716,0.07187727060743061,20,29.128098138806404,46.41877115824363,32.85267035488189,11
30821,-5.330432362699271,-154411.26811451,-154411.2128684716,0.07187727060743061,20,59.87685346414989,1.1321359061358451,82.47540589523905,11
7500,-8.04441365946171,-154411.296242944,-154411.2128684716,0.07187727060743061,20,12.693340211076086,70.65616772609701,51.226408684591284,11
28313,4.113414260642548,-154411.170235937,-154411.2128684716,0.07187727060743061,20,53.54899591433869,39.48122361739462,52.44346505325945,11
46442,2.678934987892104,-154411.185103267,-154411.2128684716,0.07187727060743061,20,83.01723796839572,81.77845304133112,75.81787762170603,11
29388,-3.926532475826463,-154411.253564113,-154411.2128684716,0.07187727060743061,20,55.636267887617265,73.41905081858548,15.259843929856869,10
38803,-15.868932480952813,-154411.377338367,-154411.2128684716,0.07187727060743061,20,74.91725097819794,55.59580414082165,13.387593186152248,11
22688,-13.89995283716116,-154411.356931331,-154411.2128684716,0.07187727060743061,20,41.11187482208762,52.92724388565833,4.959575332939906,11
18859,8.330295666727332,-154411.126531041,-154411.2128684716,0.07187727060743061,20,33.318028355564856,61.31857932527126,55.20748274818908,13
35814,18.310697415584247,-154411.023091466,-154411.2128684716,0.07187727060743061,20,68.29954980078385,47.07273319047334,79.95735524890729,11
36553,-5.570482949076229,-154411.270602459,-154411.2128684716,0.07187727060743061,20,68.21981077378592,25.12790599930479,15.593411253189286,13
20918,-10.52814554301529,-154411.321985011,-154411.2128684716,0.07187727060743061,20,38.55912395380583,21.117923509206438,11.688006240257682,11
36339,-20.631587703042136,-154411.42669981,-154411.2128684716,0.07187727060743061,20,67.97789844412878,25.951843639710752,6.432093975545402,11
21311,5.1961726578265495,-154411.159013937,-154411.2128684716,0.07187727060743061,20,39.28495450586948,20.520244895224135,90.9158233848264,13
23566,12.632558390830823,-154411.08194123,-154411.2128684716,0.07187727060743061,20,43.35276849163019,35.46651499041962,12.966842058531292,13
39351,-10.405270604326699,-154411.320711502,-154411.2128684716,0.07187727060743061,20,75.00451601401899,32.95507181416151,66.7200323485232,14
27494,-10.313734778200535,-154411.3197628,-154411.2128684716,0.07187727060743061,20,50.29085623120349,42.84260215048109,54.391785899386996,11
6610,-0.36719860822397066,-154411.216674217,-154411.2128684716,0.07187727060743061,20,10.450391901053283,86.1473523052062,94.93626963578753,13
49801,-14.596645149232788,-154411.364152038,-154411.2128684716,0.07187727060743061,20,91.04367214458316,76.07855877583032,2.819646363666929,11
22173,12.187871097863635,-154411.086550089,-154411.2128684716,0.07187727060743061,20,40.303907078154886,55.41301687944184,3.8904626889407528,11
1237,-0.14935846294920715,-154411.214416463,-154411.2128684716,0.07187727060743061,20,2.07813781911657,15.709070098014676,34.851337964690075,11
37463,-10.686139407852673,-154411.323622502,-154411.2128684716,0.07187727060743061,20,70.12671334419336,28.33990735440527,63.86055776564901,11
2429,-13.82047149891517,-154411.356107565,-154411.2128684716,0.07187727060743061,20,5.164460782877966,81.6809016616118,9.429138424011747,13
20117,2.1707218498122645,-154411.190370525,-154411.2128684716,0.07187727060743061,20,35.86636533342532,55.785282542727806,12.619707155038265,11
39643,-15.494218475824985,-154411.37345473,-154411.2128684716,0.07187727060743061,20,72.58532400341477,14.43802321789913,94.04592862887297,11
16625,-26.777583717579923,-154411.49039857,-154411.2128684716,0.07187727060743061,20,32.94291372042148,89.71104268555752,74.5950667934555,11
23885,18.430441308394435,-154411.021850408,-154411.2128684716,0.07187727060743061,20,44.00222420253869,67.6318481915159,53.15695111162691,11
35335,24.50961659938599,-154410.958844196,-154411.2128684716,0.07187727060743061,20,75.42387216160795,5.032558562685624,89.77632057807098,8
27592,-11.873918614842438,-154411.335932966,-154411.2128684716,0.07187727060743061,20,51.817832590183436,71.5671426776909,44.972128851149016,11
42919,-20.448616779884762,-154411.42480345,-154411.2128684716,0.07187727060743061,20,80.24735585675855,28.08476477247538,43.10585310912136,11
12175,-15.793060757791748,-154411.376552012,-154411.2128684716,0.07187727060743061,20,21.294693840299104,14.353711521364731,22.416186839920655,11
48509,15.481816657760945,-154411.052410749,-154411.2128684716,0.07187727060743061,20,90.45615567949052,75.20231505455847,67.7020533315212,11
19127,-5.539465231153051,-154411.270280983,-154411.2128684716,0.07187727060743061,20,37.79295523024024,35.810370088879296,96.67591670041885,11
22761,-31.105112767253527,-154411.535250248,-154411.2128684716,0.07187727060743061,20,42.595867058401474,77.54110677264576,90.6974924416281,11
19640,-3.696507875714887,-154411.251180076,-154411.2128684716,0.07187727060743061,20,36.76277297543721,15.101459701892997,10.056717202273587,10
51275,-10.694918415603965,-154411.32371349,-154411.2128684716,0.07187727060743061,20,3.2610167861504635,94.93647302426974,3.9670109115900525,11
14064,10.08611567177131,-154411.108333249,-154411.2128684716,0.07187727060743061,20,26.49178314810332,78.63721325955618,89.93921046594464,11
25395,-4.775390167004114,-154411.262361903,-154411.2128684716,0.07187727060743061,20,49.369403394936526,11.286487019152167,15.896041674819296,11
32530,14.900914171525779,-154411.058431379,-154411.2128684716,0.07187727060743061,20,63.96668446534253,13.313212981849782,2.1813370627380664,10
23760,-4.227491262226636,-154411.256683331,-154411.2128684716,0.07187727060743061,20,44.60816235971721,83.28120557573945,94.76332596107069,11
40205,-3.2317298276479947,-154411.246362991,-154411.2128684716,0.07187727060743061,20,76.44524645044741,76.68090296523242,10.616474315199767,13
29710,9.047477219108115,-154411.119097978,-154411.2128684716,0.07187727060743061,20,57.985288856528534,72.98029598802515,6.991259675150832,11
20138,5.459295781011613,-154411.156286858,-154411.2128684716,0.07187727060743061,20,40.605676078845384,19.893154433223522,7.015568193424014,11
11341,-11.464867891841148,-154411.331693454,-154411.2128684716,0.07187727060743061,20,19.094498585971063,72.4462168464479,69.24193565677774,11
30027,2.5217632764493865,-154411.186732237,-154411.2128684716,0.07187727060743061,20,56.10392899146845,49.5799622998503,62.312047617142476,11
39957,-9.504449580875267,-154411.31137515,-154411.2128684716,0.07187727060743061,20,76.73686577242438,49.95084605537458,21.546816853073747,13
19539,-10.377108466807654,-154411.320419622,-154411.2128684716,0.07187727060743061,20,38.39518073157698,21.071338886379717,8.405780616942733,13
33717,-9.400361012932247,-154411.310296348,-154411.2128684716,0.07187727060743061,20,63.38709005268792,70.2872320920401,34.35875490100198,11
30291,-6.400073964900468,-154411.279200564,-154411.2128684716,0.07187727060743061,20,56.26267988080092,40.68477609016223,91.72082493513099,13
42558,11.977323316726244,-154411.088732263,-154411.2128684716,0.07187727060743061,20,81.86146275694799,68.98230553181261,73.818440910924,13
11807,-1.7162034550244747,-154411.230655667,-154411.2128684716,0.07187727060743061,20,22.269564209871913,9.325471282282036,9.771995647855187,11
45305,-7.2256307370868464,-154411.287756857,-154411.2128684716,0.07187727060743061,20,88.98911739126356,71.24989486911281,91.14877543665867,11
24036,-22.451601137936226,-154411.44556292,-154411.2128684716,0.07187727060743061,20,41.97597705611016,26.397187512570092,63.345029529812614,10
23274,-21.550652947196625,-154411.43622525,-154411.2128684716,0.07187727060743061,20,42.044499881192195,75.57653682827997,85.5326293398684,11
47923,3.7611114808645607,-154411.173887298,-154411.2128684716,0.07187727060743061,20,88.07162020131369,86.61747092334583,72.45192925356116,13
28969,9.829215079932423,-154411.110995836,-154411.2128684716,0.07187727060743061,20,52.98517829774276,51.962111615239884,3.9930159010755357,13
51007,-15.579857312797209,-154411.374342314,-154411.2128684716,0.07187727060743061,20,94.12394345836455,77.74681315665013,65.19988956298097,11
43002,-25.345349079726873,-154411.475554504,-154411.2128684716,0.07187727060743061,20,82.1628564499776,70.26710063809587,88.86915074438865,11
36745,-7.281668067167514,-154411.288337643,-154411.2128684716,0.07187727060743061,20,70.36933055204258,5.942141634096201,77.45507210029133,11
10293,11.985948429762592,-154411.08864287,-154411.2128684716,0.07187727060743061,20,19.38727572335635,96.60650024868129,95.49802041281337,11
12636,-20.29566321407395,-154411.423218198,-154411.2128684716,0.07187727060743061,20,23.310640139907328,90.41085605405962,72.18922050440973,11
35920,0.13954303028613818,-154411.21142221,-154411.2128684716,0.07187727060743061,20,67.75077048127632,26.321364163580597,82.1639356169385,13
43960,6.786979009842602,-154411.142526391,-154411.2128684716,0.07187727060743061,20,85.29910705109388,71.27548700439709,92.98167683385839,11
24545,17.59449239149693,-154411.030514408,-154411.2128684716,0.07187727060743061,20,46.50458885901696,34.586374385227714,38.96203055105015,13
16663,-23.858043219254434,-154411.460139665,-154411.2128684716,0.07187727060743061,20,34.10186027030813,86.77764570221584,14.788178343498563,11
21784,1.3358637000373919,-154411.19902322,-154411.2128684716,0.07187727060743061,20,40.34314897637126,60.43623647943682,80.14364902090526,13
16524,-10.825564666728972,-154411.325067543,-154411.2128684716,0.07187727060743061,20,31.50545623739053,75.78718508836631,82.16890413255379,13
26204,-23.363448022429612,-154411.455013547,-154411.2128684716,0.07187727060743061,20,46.07998370320836,37.79250811962519,1.1739348200989388,11
26664,2.806504998684866,-154411.183781097,-154411.2128684716,0.07187727060743061,20,52.18529361077006,83.48389597781888,80.57359195407665,11
20575,0.03622730843722768,-154411.212493002,-154411.2128684716,0.07187727060743061,20,39.27136881978515,31.98314077090851,38.18656431093855,11
45818,-2.3901770415499275,-154411.237640911,-154411.2128684716,0.07187727060743061,20,87.69836073261988,9.909936262247028,13.599750306296112,11
46193,0.4413854279988515,-154411.208293834,-154411.2128684716,0.07187727060743061,20,84.03426571690433,95.5381939274052,71.05091633165804,11
23800,3.7646715976986234,-154411.1738504,-154411.2128684716,0.07187727060743061,20,51.13033426731832,82.16792176283235,13.150497397462598,13
27052,-13.901832947922792,-154411.356950817,-154411.2128684716,0.07187727060743061,20,49.65176297654869,21.025700955950484,69.1568481662082,13
19320,-18.046279921703793,-154411.399904983,-154411.2128684716,0.07187727060743061,20,36.476126193653855,92.6768522697064,75.22983411565312,11
36441,-5.452416355337064,-154411.269378785,-154411.2128684716,0.07187727060743061,20,69.14780139474065,52.80464548544517,78.00769594815708,11
47877,-3.7074386968577975,-154411.251293366,-154411.2128684716,0.07187727060743061,20,90.49556047787172,75.4632277289394,7.143336006722769,13
40001,0.8249505161945262,-154411.204318462,-154411.2128684716,0.07187727060743061,20,74.60590294410999,61.008353637203015,62.259969139430154,11
17190,-26.999320422897036,-154411.492696709,-154411.2128684716,0.07187727060743061,20,33.13576011299018,41.80622374749268,40.30850100475136,11
21746,-26.18166705302183,-154411.484222329,-154411.2128684716,0.07187727060743061,20,41.73754736000228,94.20636818769175,80.8107326616769,11
18725,-12.432496999613354,-154411.341722223,-154411.2128684716,0.07187727060743061,20,33.442703033682626,70.58480928099041,51.10228731836154,11
42878,-13.29747690600696,-154411.350687108,-154411.2128684716,0.07187727060743061,20,82.06039404703736,23.628030774714702,12.742168202791548,11
41054,7.870327606344125,-154411.131298274,-154411.2128684716,0.07187727060743061,20,77.94571527182384,74.63646433569957,79.34668953640293,13
37481,-2.470498476903241,-154411.238473384,-154411.2128684716,0.07187727060743061,20,70.96526327517718,43.4938349457262,11.905533531459275,13
28573,-15.829545046028686,-154411.376930145,-154411.2128684716,0.07187727060743061,20,52.210058173683514,73.51164516405724,30.02260886369994,11
15746,-31.752691149651465,-154411.541961925,-154411.2128684716,0.07187727060743061,20,27.837750160758,67.59371972968458,28.42374805246213,10
15302,-7.506886734481335,-154411.29067187,-154411.2128684716,0.07187727060743061,20,26.761631607062153,74.10582815564264,24.52644862306991,13
14307,-19.752624081656478,-154411.417589994,-154411.2128684716,0.07187727060743061,20,31.079917405374434,74.16942842977433,90.84615703935772,10
8124,-1.2519112126191163,-154411.225843617,-154411.2128684716,0.07187727060743061,20,16.71252558011731,12.423639512771425,23.39721008965242,11
24991,-33.564664363531435,-154411.560741704,-154411.2128684716,0.07187727060743061,20,47.93383599639447,41.61091063376035,54.89286185360573,10
40866,-18.218719182869965,-154411.40169219,-154411.2128684716,0.07187727060743061,20,75.15152847699325,50.32272852555461,58.60649754093443,11
32599,-10.433346583944058,-154411.321002489,-154411.2128684716,0.07187727060743061,20,59.51089921210747,52.04192318968871,4.5145507201622825,11
40711,-12.582697935316348,-154411.343278946,-154411.2128684716,0.07187727060743061,20,79.19627579633705,76.30728211271416,69.67935267761278,10
39588,-2.686577282507229,-154411.240712883,-154411.2128684716,0.07187727060743061,20,76.51142745905015,57.88514089247338,76.39182583390561,11
40953,5.085291423042515,-154411.16016314,-154411.2128684716,0.07187727060743061,20,78.31619905047106,59.39930732174625,18.92810979451216,11
36293,7.280315265678228,-154411.137413321,-154411.2128684716,0.07187727060743061,20,67.84796152789922,72.31927332603183,36.29636666514601,13
16469,-7.251161528831937,-154411.288021465,-154411.2128684716,0.07187727060743061,20,30.467013925788716,25.422776154183133,84.14211279740765,13
6595,-4.728903050842684,-154411.261880098,-154411.2128684716,0.07187727060743061,20,11.578233691841886,69.30410586118093,56.95131153514922,11
43942,-7.851516131249388,-154411.294243702,-154411.2128684716,0.07187727060743061,20,82.48790343443667,24.89698612350596,22.83886167610706,11
48557,16.145590490433694,-154411.045531218,-154411.2128684716,0.07187727060743061,20,94.81829700430907,81.55729883484403,11.420714365305813,11
19277,-9.146042271424545,-154411.30766052,-154411.2128684716,0.07187727060743061,20,37.40422574064148,58.84162556911431,10.373477935841478,11
50248,-13.046254283320065,-154411.348083369,-154411.2128684716,0.07187727060743061,20,93.86858252255043,83.1326779619138,96.20424033545441,11
26435,-29.49551608788922,-154411.518567954,-154411.2128684716,0.07187727060743061,20,49.60831627034552,45.598828661688174,63.477766575509456,11
22002,-13.391165609791893,-154411.351658123,-154411.2128684716,0.07187727060743061,20,39.056266134869645,58.193431760222296,97.51514417298303,11
18594,-8.330298252980754,-154411.299205929,-154411.2128684716,0.07187727060743061,20,32.923322226550056,42.55443590265876,51.69109800898376,11
41106,31.645224359082114,-154410.884888833,-154411.2128684716,0.07187727060743061,20,75.23732902961451,10.439096311491895,73.8056327411078,9
31677,2.002403768027324,-154411.192115019,-154411.2128684716,0.07187727060743061,20,59.15861335134917,45.785131463987305,63.370778605938774,11
13814,8.08846955700313,-154411.129037392,-154411.2128684716,0.07187727060743061,20,26.79892769613196,76.65922572384449,77.97604430184906,13
48836,8.227338386685293,-154411.127598118,-154411.2128684716,0.07187727060743061,20,91.75926573062256,67.09461900914027,24.02374881612124,11
31194,2.375334724119344,-154411.188249862,-154411.2128684716,0.07187727060743061,20,54.596636211847034,34.14816928167797,49.743333522316185,13
38196,-5.493831140557953,-154411.269808019,-154411.2128684716,0.07187727060743061,20,74.60940866754366,48.16360022765566,43.03859323755558,11
36629,6.941362198136,-154411.140926322,-154411.2128684716,0.07187727060743061,20,67.60800343067801,27.921452947827884,60.03433021209383,11
34169,-23.747406768723305,-154411.458992999,-154411.2128684716,0.07187727060743061,20,62.869721347522976,40.23713135479218,53.10090847225744,11
48879,-4.103881007603508,-154411.255402201,-154411.2128684716,0.07187727060743061,20,92.19438190045013,80.61162958007188,89.87610402443867,11
37520,-8.16302085879238,-154411.297472221,-154411.2128684716,0.07187727060743061,20,72.7948660690119,15.196475140222363,72.19976467481705,11
42446,26.681522748274123,-154410.936333975,-154411.2128684716,0.07187727060743061,20,80.6839872709137,18.64301126243134,63.54352841129754,13
12010,-1.1333938413673517,-154411.224615271,-154411.2128684716,0.07187727060743061,20,19.750255620431947,88.69667647110812,77.2428561376947,10
42224,-10.411192779264491,-154411.320772881,-154411.2128684716,0.07187727060743061,20,78.00961038923309,13.144907348732795,3.571554793274352,11
8140,-18.14968334871349,-154411.400976684,-154411.2128684716,0.07187727060743061,20,12.926094927454384,68.11431599419383,47.329263026866386,11
44950,-4.490181936320464,-154411.259405928,-154411.2128684716,0.07187727060743061,20,85.91381725459881,15.625801284355218,27.65238340610473,11
40183,-15.243312423473999,-154411.370854272,-154411.2128684716,0.07187727060743061,20,76.0666056165276,39.80005498760943,53.96313484549284,10
39877,-18.21157531067709,-154411.401618149,-154411.2128684716,0.07187727060743061,20,75.28518717616028,48.11454981234379,49.744336110891275,11
31056,-1.8048358452298974,-154411.231574277,-154411.2128684716,0.07187727060743061,20,57.245895264134816,22.861506915925762,60.371184695489376,13
36827,-16.4187278058946,-154411.383036594,-154411.2128684716,0.07187727060743061,20,68.6082451933177,39.57177497834741,71.30567877827315,10
9979,-20.70946149804905,-154411.427506915,-154411.2128684716,0.07187727060743061,20,18.65251721713531,13.387660988053916,30.289235736841455,10
25406,2.9838295044203615,-154411.181943258,-154411.2128684716,0.07187727060743061,20,46.08448915671263,71.8812273040115,46.53793693264681,13
12472,2.8936823924816357,-154411.182877567,-154411.2128684716,0.07187727060743061,20,22.883574734283616,7.145984633533,92.04659686968667,13
40230,0.3297436971126115,-154411.209450919,-154411.2128684716,0.07187727060743061,20,76.09813242112581,91.48635152238006,1.9153414760630942,13
14683,-2.6819399082847455,-154411.24066482,-154411.2128684716,0.07187727060743061,20,25.86142747303637,63.96954912273417,48.46856969537892,11
43847,-23.1498845883691,-154411.452800118,-154411.2128684716,0.07187727060743061,20,82.84388372125474,70.61254656728293,56.57333122157663,11
23220,2.849571804525863,-154411.183334741,-154411.2128684716,0.07187727060743061,20,52.75677105644676,5.966838662262206,14.287505986481412,11
44163,-18.80899801434571,-154411.407809999,-154411.2128684716,0.07187727060743061,20,82.81134267260094,16.142816723277488,62.706511876179164,11
44156,-17.068831211250785,-154411.389774441,-154411.2128684716,0.07187727060743061,20,87.5050636247019,77.25247530150415,12.863682012457916,11
48960,-3.092547227298392,-154411.244920465,-154411.2128684716,0.07187727060743061,20,90.56878781301782,76.60935253855364,97.53675062564172,13
28506,-23.059698399011697,-154411.451865404,-154411.2128684716,0.07187727060743061,20,52.57162171750836,74.22739067874565,19.64394793941802,10
24928,6.216106463667407,-154411.148443068,-154411.2128684716,0.07187727060743061,20,48.217469562562634,91.08962184572711,83.58935901075414,11
3080,-21.920523483750937,-154411.440058688,-154411.2128684716,0.07187727060743061,20,5.925710173397369,71.14446243209998,47.423714301441436,11
14664,-20.79918745223748,-154411.428436859,-154411.2128684716,0.07187727060743061,20,25.973889107810567,67.90046883751668,33.89266823639692,11
24194,-5.799444090767147,-154411.272975474,-154411.2128684716,0.07187727060743061,20,43.9270106563104,49.89206147055837,93.14717791617207,11
21101,-8.555767492026636,-154411.301542753,-154411.2128684716,0.07187727060743061,20,39.27319111558121,30.379039443356664,63.431750676994874,10
24455,-28.72857174545973,-154411.510619136,-154411.2128684716,0.07187727060743061,20,44.55211425013501,27.677102603497975,17.466184739365442,11
39370,37.21602103951248,-154410.827151594,-154411.2128684716,0.07187727060743061,20,77.78149890843336,18.97221452432591,80.1017830181765,8
20592,-2.1535221609847475,-154411.235188156,-154411.2128684716,0.07187727060743061,20,36.97100386598933,70.1140957595365,45.744347021604185,10
17952,3.6544758913647075,-154411.174992498,-154411.2128684716,0.07187727060743061,20,33.423996415536664,18.651759429073856,6.889565788371569,10
41257,-18.940179473907964,-154411.409169599,-154411.2128684716,0.07187727060743061,20,78.10855001059144,67.94535361192075,70.07923605361815,13
15415,-24.52224708886675,-154411.467023653,-154411.2128684716,0.07187727060743061,20,30.00061182376059,95.3034667544652,17.578638177140153,10
40099,-7.387741628136291,-154411.289437018,-154411.2128684716,0.07187727060743061,20,77.26987313411931,63.625224277139644,68.65233691381485,13
42751,-0.8352413336869424,-154411.221525138,-154411.2128684716,0.07187727060743061,20,84.1458763382312,7.580266258300321,94.60914479264193,13
14684,-37.28487710237935,-154411.599298992,-154411.2128684716,0.07187727060743061,20,27.876275403030725,79.80276829552767,86.29428598758201,10
12602,0.5395517283370175,-154411.207276412,-154411.2128684716,0.07187727060743061,20,23.65845168984098,26.923204105959943,58.80852636861774,11
21799,-4.165613385656258,-154411.256042012,-154411.2128684716,0.07187727060743061,20,44.03328035512481,92.35542283819754,19.299939600231955,13
43544,-17.205738107964837,-154411.391193381,-154411.2128684716,0.07187727060743061,20,78.49577255292743,59.066119201408,45.245524973933,10
13437,-22.4069204201018,-154411.445099837,-154411.2128684716,0.07187727060743061,20,24.34625196403879,17.799526514638025,29.2690429150021,11
20516,-21.36082751176356,-154411.434257848,-154411.2128684716,0.07187727060743061,20,39.71928751449356,97.33584037811168,80.71930233642132,11
14942,-10.534556609708545,-154411.322051457,-154411.2128684716,0.07187727060743061,20,30.22264172374306,30.41724820281626,46.58879684391232,11
22741,-7.198797490147342,-154411.28747875,-154411.2128684716,0.07187727060743061,20,36.71398154989421,74.76988776096654,89.40240779099742,11
20339,-14.450273716317326,-154411.362635005,-154411.2128684716,0.07187727060743061,20,39.98938721591651,18.921899327395064,12.632720718624357,11
15985,-1.367405121641827,-154411.227040627,-154411.2128684716,0.07187727060743061,20,26.748719845340073,10.254352566975259,75.00566900513113,11
37627,22.90280747999519,-154410.975497599,-154411.2128684716,0.07187727060743061,20,63.91795993245173,7.602492220604527,81.53269236213617,13
39451,-11.222964497788343,-154411.329186302,-154411.2128684716,0.07187727060743061,20,74.03720904657308,57.73755165660551,87.27835316399239,13
37261,-2.4221690693733042,-154411.237972485,-154411.2128684716,0.07187727060743061,20,69.59991224016596,46.69365583241117,4.917767412429971,11
28375,17.911640835076582,-154411.027227396,-154411.2128684716,0.07187727060743061,20,52.6555122742287,72.6778853840027,27.23772717410769,13
48476,-18.242485641517412,-154411.401938512,-154411.2128684716,0.07187727060743061,20,91.08232886858549,78.35744937998379,79.06224084999617,11
6676,12.896863167868387,-154411.079201904,-154411.2128684716,0.07187727060743061,20,8.994708367388998,76.25788095121791,67.43666883647987,13
13926,7.8826416434288715,-154411.131170648,-154411.2128684716,0.07187727060743061,20,29.27516643902651,11.356894359823578,74.2765798460192,10
43747,-24.975505172316083,-154411.471721342,-154411.2128684716,0.07187727060743061,20,82.78429681539659,66.65828872999577,59.14540592662564,11
35500,-2.2832355945879974,-154411.236532541,-154411.2128684716,0.07187727060743061,20,68.97539903108195,48.624765606387435,11.576655071192311,13
131,-11.24259492224392,-154411.329389757,-154411.2128684716,0.07187727060743061,20,95.9730776688925,95.33322068497593,76.04464282520628,11
10651,-2.7709985697773583,-154411.241587848,-154411.2128684716,0.07187727060743061,20,18.005903935825806,69.02580390093178,38.08628192593932,11
38618,-17.86149468701405,-154411.397989819,-154411.2128684716,0.07187727060743061,20,70.43815198947502,35.19711058476062,43.38270770661768,13
12343,-4.3698589389672,-154411.258158868,-154411.2128684716,0.07187727060743061,20,21.48962771965496,62.06373166369238,55.78160103329721,10
18622,22.292290269175904,-154410.981825164,-154411.2128684716,0.07187727060743061,20,35.405949599754294,60.309819538917594,62.21398492562544,11
12541,4.56525574554346,-154411.16555293,-154411.2128684716,0.07187727060743061,20,23.748171166921995,97.2856995828071,14.251085152741677,11
17603,-2.3834067636323883,-154411.237570742,-154411.2128684716,0.07187727060743061,20,30.454759052390507,67.17759848181267,24.74182341956711,11
39814,-19.874590127773523,-154411.418854083,-154411.2128684716,0.07187727060743061,20,77.78262384677774,13.020656510093822,6.530377316811653,10
38291,-1.0123974717974729,-154411.223361232,-154411.2128684716,0.07187727060743061,20,72.49110500505927,52.54794525278782,87.0523361974514,11
45437,-17.556892228980107,-154411.394832837,-154411.2128684716,0.07187727060743061,20,86.78858979008147,93.07071143965437,96.0580927990948,11
18993,-32.59453638456874,-154411.550687036,-154411.2128684716,0.07187727060743061,20,36.565266390114054,4.912521611192952,78.80012275695472,10
27889,-3.707709147078419,-154411.251296169,-154411.2128684716,0.07187727060743061,20,55.59171153498698,31.334317169033728,41.98715907427984,11
37556,5.849350663588817,-154411.152244224,-154411.2128684716,0.07187727060743061,20,72.0299658915703,45.944282628085254,31.958020460610886,11
29700,-3.184236178722086,-154411.245870754,-154411.2128684716,0.07187727060743061,20,53.51580744677875,83.49361743772155,87.76845316787849,13
10526,-4.3299835782715155,-154411.257745589,-154411.2128684716,0.07187727060743061,20,21.417529083074783,73.21151286056241,24.02522301674876,11
48199,-3.3279355457106594,-154411.247360093,-154411.2128684716,0.07187727060743061,20,93.22235136878369,81.03715588652629,43.79237812072082,11
3268,4.393135273106466,-154411.167336833,-154411.2128684716,0.07187727060743061,20,5.870975021125693,69.58755937021235,57.413717619303306,11
15785,-6.943730700812585,-154411.284835169,-154411.2128684716,0.07187727060743061,20,32.01290782920571,24.091171563769976,79.65054364985032,11
9570,-1.6526733640755888,-154411.229997224,-154411.2128684716,0.07187727060743061,20,18.075918593570492,93.02692696407826,92.23973938050376,11
15547,5.930467620385177,-154411.151403506,-154411.2128684716,0.07187727060743061,20,29.146692929387125,69.2405130666725,26.534163194018884,11
2058,-16.48418393957819,-154411.383714999,-154411.2128684716,0.07187727060743061,20,2.6881128453117595,69.66492436504275,28.422838541387673,11
34160,-14.012401085981647,-154411.358096775,-154411.2128684716,0.07187727060743061,20,61.145905248897776,44.948350026420016,83.5923761172472,11
44152,-5.567294399074539,-154411.270569412,-154411.2128684716,0.07187727060743061,20,83.3161593621693,20.9713493632122,30.764234976101562,13
