role,atom_id,x_A,y_A,z_A,is_gb,first_neighbor_count
bulk_reference,26441,48.563695940506165,49.58420946365004,48.11165263157071,0,12
bulk_reference,26319,48.31405050754496,47.84095580667964,50.42157959226557,0,12
bulk_reference,26115,48.7000336601947,46.560327034750706,47.77783773823836,0,12
bulk_reference,26297,50.72051961315434,49.521055248450324,50.18827336427461,0,12
bulk_reference,27379,50.99977557137437,48.21299912921866,47.4917609897556,0,12
bulk_reference,24866,46.18612501816604,47.89367311463935,48.3525966914514,0,12
bulk_reference,25176,46.54326530513471,50.181557574240806,50.17076855268028,0,12
bulk_reference,26760,48.91683150651982,51.85386728698871,49.92071376635588,0,12
bulk_reference,26245,48.94460627401099,48.32049367590784,45.44088214971994,0,12
bulk_reference,27258,50.744284996390704,46.4314373489027,49.83350460588573,0,12
bulk_reference,27686,50.97621649725003,51.25928815723567,47.86144407126629,0,12
bulk_reference,24984,46.444527108431416,49.62712082657873,46.02942680792631,0,12
bulk_reference,25293,46.81097937559093,51.922794787370314,47.84833653962145,0,12
bulk_reference,25260,48.65697633782029,50.105436511253835,52.23717855531757,0,12
bulk_reference,26567,48.83283793051875,51.32457767518928,45.79352881352914,0,12
bulk_reference,24663,46.62721083104415,46.65148575591456,45.70598908784147,0,12
bulk_reference,25999,48.453245490608204,44.789416877263676,50.0947153856643,0,12
bulk_reference,27198,50.48123530862321,47.77544548018453,52.488894808237134,0,12
bulk_reference,24257,45.931914014943914,46.14923171943989,50.652641229496865,0,12
bulk_reference,25055,46.284058805837795,48.43311586546148,52.47469133015021,0,12
gb_sample,27695,54.73863768155121,3.490435716874135,6.825039332475641,1,11
gb_sample,38906,72.06049405214486,62.021910183799676,78.19008433257905,1,11
gb_sample,33923,65.86856744381093,15.666281034954972,2.3596741171051896,1,11
gb_sample,33997,62.054420973685076,63.12661719889142,58.35471259170086,1,11
gb_sample,24891,50.33866122311652,37.1615898993239,93.2538043426099,1,11
gb_sample,27979,51.325160385267,21.347947057681484,80.2956347030658,1,13
gb_sample,36222,65.4047286401199,35.22616232811663,42.21706548512544,1,11
gb_sample,46519,87.83431167396769,75.76333260675497,8.043460837537708,1,14
gb_sample,37642,68.1203255631076,55.57551252304363,73.95582137765335,1,10
gb_sample,25231,46.95825300882112,95.40377493954017,79.8974141162279,1,11
gb_sample,6677,13.033345707590117,13.61687369630688,41.15546192263554,1,13
gb_sample,32624,61.351293403810125,47.112431704324635,64.56716286692671,1,13
gb_sample,33335,64.91461750256477,21.552320776345994,19.500856837701637,1,11
gb_sample,46975,88.30863410231912,72.23094991982205,48.828019800470386,1,11
gb_sample,26829,49.717897251635144,54.12322731178424,60.794917281823565,1,11
gb_sample,40264,77.63587381191405,65.63165225299682,22.30123777424403,1,11
gb_sample,7884,14.328268579149446,85.51779772817929,2.7428930827809515,1,11
gb_sample,46196,88.73134093061715,73.1927249908864,9.019775943392789,1,13
gb_sample,24189,49.57681017996863,87.7142843665462,8.075034340463041,1,10
gb_sample,16946,32.38449479198739,37.49865500487428,43.76161063904107,1,11
gb_sample,2839,1.5536997161980752,74.67067291635074,68.28554545060777,1,11
gb_sample,50804,95.3068544094197,6.658269540271471,2.146964308578977,1,13
gb_sample,39178,72.91350076577281,34.6904691956967,62.65450646471962,1,11
gb_sample,39139,72.28332842511358,28.317655054985565,55.38799352583222,1,11
gb_sample,10008,19.572337032384983,90.98994074181971,86.86670631233093,1,10
gb_sample,40891,75.2682708339709,63.62468098384277,53.5429724255095,1,11
gb_sample,22872,43.216366366767616,93.74613544993156,78.61250413210638,1,11
gb_sample,21409,38.33464281690165,57.77421485763539,85.55096819682424,1,10
gb_sample,19957,35.60148640083609,30.793314471213076,55.04611175707611,1,13
gb_sample,40298,75.35010992007162,60.07648420123079,32.85075458246981,1,11
gb_sample,30517,54.239612227807946,65.31036968708108,51.84177352831785,1,11
gb_sample,39740,74.52924450581845,29.48682869606524,65.9437083240258,1,13
gb_sample,37430,70.76012258168932,54.59190634037214,26.899795521368958,1,11
gb_sample,10986,21.6817546760175,92.87185611540984,15.030018545403623,1,11
gb_sample,43425,82.42917074297102,21.38430367819633,57.636680356540076,1,13
gb_sample,71,96.48904673110135,69.66715333474417,20.700088160538396,1,11
gb_sample,21418,39.80482146232916,18.556419365755747,83.75355985993929,1,13
gb_sample,12555,26.70468783983019,84.82672940887811,17.445639000401417,1,11
gb_sample,21259,37.06767590762587,46.05188275133489,63.116524860668214,1,11
gb_sample,19178,35.550112723103865,79.44378355310945,17.05969016834169,1,11
gb_sample,20095,36.79171157835069,15.635450535618661,85.16601852046492,1,11
gb_sample,7968,15.079593635499853,87.78728027785232,6.296204255487365,1,10
gb_sample,16920,33.30300765204094,1.1832362156151521,74.43462644337524,1,11
gb_sample,47602,94.75580198829361,6.168358088903294,68.3091017434929,1,10
gb_sample,34849,66.09885554302043,18.02128893699819,70.77302861334478,1,13
gb_sample,28666,55.03002062502687,30.577923693830783,34.15735822637075,1,11
gb_sample,1587,1.6641530911251945,21.27267780363679,16.39636247897172,1,10
gb_sample,45166,83.24036582861116,74.76132667668183,62.84967585184305,1,11
gb_sample,13430,23.798729329713684,1.9087921749884524,76.01419781398144,1,11
gb_sample,21686,38.68245811849224,78.85481399005202,7.593416534007777,1,11
gb_sample,14316,27.396595773311084,20.114609384222952,57.55013789705744,1,13
gb_sample,40362,74.49802371921301,19.06452075526233,82.81141403233424,1,10
gb_sample,22042,43.49347600332955,60.1237033291229,11.429330722364977,1,13
gb_sample,27429,53.54180462436,31.342698230401776,40.01039796847871,1,11
gb_sample,21281,42.88508595699487,26.954766892609484,95.65211193516562,1,13
gb_sample,23890,49.344057568742784,2.6107186962737217,76.90903095137084,1,11
gb_sample,24548,44.28371024636545,77.58074762785122,85.90350192310078,1,10
gb_sample,29309,55.70507857156314,33.14387726796988,25.179828902251455,1,11
gb_sample,38848,72.29506865524202,37.27354023511434,39.008545052067745,1,11
gb_sample,47032,88.57776649596768,74.70975129001904,16.080262431811125,1,11
gb_sample,47668,87.27987581586606,74.63001200481101,56.121946321456406,1,11
gb_sample,19227,37.09592819656311,19.04019339058214,13.121508606835958,1,13
gb_sample,18053,31.741628910075672,63.7324573261643,54.72507504663075,1,11
gb_sample,4488,7.629418804723065,6.250970604470274,15.799513750366108,1,10
gb_sample,25827,50.412411980100444,88.53063056673452,81.60678401151142,1,10
gb_sample,4404,9.313368825715742,76.03427991144669,23.847854910682987,1,11
gb_sample,21030,37.978587506254094,59.735192659403836,60.2419948159487,1,11
gb_sample,42189,78.71284660610844,9.517727810736124,70.62207634919875,1,8
gb_sample,16384,29.44853337178422,9.496010552564503,77.78966704721545,1,11
gb_sample,27048,54.43668664630128,36.77110842240993,51.53166717075867,1,11
gb_sample,51251,96.52201050413726,96.32616861697636,84.88076011441267,1,11
gb_sample,46062,85.40851716921591,66.92296009252959,92.84156828998509,1,13
gb_sample,35023,66.42561454450592,23.89623968104318,7.91433103604732,1,13
gb_sample,27538,53.04214939500266,8.501362546332086,80.4983313468225,1,11
gb_sample,43981,81.69165588783758,11.759936239995383,0.38072807143843757,1,11
gb_sample,17761,34.16170340944056,15.089808986069885,6.896461043761147,1,11
gb_sample,24513,46.048888669833836,80.64092480813329,23.556295922235492,1,13
gb_sample,44403,84.27269417657776,19.096083471011937,14.882300602753697,1,10
gb_sample,27022,48.26427973410434,51.08187961735217,87.36681038722556,1,11
gb_sample,2390,1.0953087344542418,68.19861840249656,34.16531748680351,1,13
gb_sample,18799,32.076840775107414,52.02045089838093,57.70112358667747,1,11
gb_sample,21586,43.49386276984298,2.706429239946316,16.52293401644723,1,11
gb_sample,46241,88.27143099597306,20.9754678774589,35.029283788489,1,13
gb_sample,49340,92.47399815871933,75.93081506320097,89.19363589936454,1,11
gb_sample,9891,18.175410081004905,76.46826156525844,72.83986224169739,1,11
gb_sample,36913,69.25881353795012,77.37009247496185,77.5440851027162,1,11
gb_sample,371,97.15164860373345,66.31865541651842,27.37968849262507,1,11
gb_sample,16944,30.169688488072758,38.95940203428438,34.702711172984166,1,11
gb_sample,33916,63.07992566912453,66.86000806682009,54.18210135101417,1,13
gb_sample,13959,25.572221702536005,87.94602845765452,80.78649319646568,1,11
gb_sample,31824,59.00250906140973,60.8201763344818,11.5732108493676,1,11
gb_sample,26232,45.33138987662335,18.93867445580001,71.9139383653979,1,11
gb_sample,33591,64.84750642289971,43.626605809356356,47.76984071532485,1,11
gb_sample,936,1.8557195513739144,24.881500277613736,20.029001148763147,1,11
gb_sample,21516,41.76537019675243,31.705835177774564,35.55272925784311,1,10
gb_sample,330,0.4247352076808093,82.7502276324601,83.19024713445916,1,11
gb_sample,39615,73.90141996909087,59.247228124517775,56.309826782876826,1,10
gb_sample,20160,37.37196102160469,67.29660266671735,93.29925717777682,1,11
gb_sample,39608,74.34927500711694,23.715409152759474,58.25546464520723,1,11
gb_sample,42769,80.96456893375404,88.93229828999608,20.50969497660802,1,13
gb_sample,34066,63.88262718696023,78.21978304932091,16.239064463067717,1,10
gb_sample,32881,60.963781101571875,72.86852276128185,33.34768955316588,1,11
gb_sample,12619,23.560169410490552,79.0930321309643,89.82621873514213,1,13
gb_sample,17614,30.708472847032898,72.12659301167707,24.27293452207921,1,13
gb_sample,38193,72.49661954547891,52.25934133362846,27.18881425414665,1,11
gb_sample,30028,59.0588719794796,87.37694724329492,81.92846568983038,1,13
gb_sample,25564,51.0122334541105,89.94201450905288,12.447899414684573,1,11
gb_sample,41730,86.39811211697501,93.54874390692822,74.32817413304855,1,11
gb_sample,27236,49.3233823903373,49.508120804728456,6.697070599999535,1,11
gb_sample,9799,18.13728234873795,88.8688214762179,87.94551266235979,1,11
gb_sample,46958,88.54266295017275,77.2632972768027,87.15242241846519,1,11
gb_sample,43683,84.51247167003417,28.52572107352833,58.29886105167102,1,11
gb_sample,20678,37.45838134689489,74.3024931935463,34.80648439575185,1,11
gb_sample,30225,58.365699850583546,19.832350839260222,8.319344415534367,1,13
gb_sample,32627,65.26857379440695,21.245572057898116,7.5111084453055605,1,11
gb_sample,21056,42.394933488394855,11.231359165288973,18.233195664286058,1,11
gb_sample,15713,30.279794440324867,90.0851306290307,75.58222775851682,1,11
gb_sample,35340,64.23317619122729,39.6066297837318,48.59141231070498,1,11
gb_sample,36833,71.88595037638075,5.517478706122747,87.82540799914774,1,9
gb_sample,38784,72.9190798039813,51.99103605326242,92.51013757693003,1,11
gb_sample,3915,1.897727553722546,93.53537534614482,75.91124872767014,1,11
gb_sample,34804,66.23227636035489,42.832912760688295,26.610267304505232,1,11
gb_sample,47629,89.88739944786013,0.5992528149062077,84.99827707501221,1,10
gb_sample,46336,85.96196882121194,70.03440090346874,18.531339049541778,1,11
gb_sample,23202,42.67631173351961,82.2627678092748,11.231522040396909,1,10
gb_sample,48991,91.94410210837516,72.82961697554958,46.73658883888077,1,11
gb_sample,40073,76.13669830206493,57.05806535832142,82.11306338769009,1,11
gb_sample,22814,46.47185145038437,96.962862376496,16.617800766842265,1,11
gb_sample,28280,46.610904013876656,34.07145846844278,5.117135410875767,1,10
gb_sample,37974,72.06776055839686,53.65898919820926,65.00972934615307,1,11
gb_sample,34856,66.44560812999393,10.251731187530272,13.797280052227837,1,13
gb_sample,23792,43.104558241698705,39.41925493379581,49.012619225278804,1,11
gb_sample,16154,30.520345269685897,28.90840905951822,54.74655292124123,1,10
gb_sample,39164,74.54934909399029,50.43488724089927,31.90149700238584,1,13
gb_sample,10530,17.12993242729436,69.20015780207576,40.78211588701507,1,11
gb_sample,33703,60.8514644522875,45.674062215855685,80.8876500122008,1,11
gb_sample,9774,18.476324132388164,95.92185213671053,92.73949882667036,1,10
gb_sample,11195,21.7811134352059,71.91069925812424,72.04002879376942,1,13
gb_sample,46996,87.7125425254885,15.15170470047241,22.090757759950336,1,11
gb_sample,22415,45.589797695653886,90.63706638379652,14.05369554261066,1,11
gb_sample,36872,66.4124286234998,81.40231334557066,79.44207597349904,1,11
gb_sample,42635,82.20673452281152,9.516134539444726,67.79821947078459,1,10
gb_sample,822,2.777837176554619,90.65930932998965,1.7270809966968674,1,11
gb_sample,11928,21.365320425942397,71.1472636357249,38.628222642584255,1,11
gb_sample,22699,40.23704424433889,55.761011096310554,1.0057024592725858,1,13
gb_sample,45769,89.29018995743783,2.1957890672631564,67.69848159708687,1,11
gb_sample,5526,11.061206111690085,15.23656523399064,45.70532262237762,1,11
gb_sample,17803,34.452117615483594,64.80068036291794,82.36579702662169,1,11
gb_sample,1677,3.365480031996241,23.410235414237352,15.492493740569286,1,10
gb_sample,25628,49.47927020177102,37.38923319248388,49.961648300454684,1,11
gb_sample,13311,27.023809665982846,70.53083545880887,65.73675035827908,1,11
gb_sample,29915,58.74960827576191,97.5924444412044,96.01481619176248,1,11
gb_sample,11001,21.236295649580843,19.609338233403175,51.77621382461366,1,11
gb_sample,25379,48.6103688730274,85.22019517486012,10.109434851972164,1,11
gb_sample,22773,37.4740733633394,73.75144049499144,24.44950926142087,1,11
gb_sample,21578,39.843093835725924,66.06075680934613,58.99249960522371,1,11
gb_sample,24109,46.422554135121885,81.91783876010103,86.61187879520168,1,11
gb_sample,29778,49.97804561262517,35.30468985734149,88.69238406244047,1,11
gb_sample,24027,42.280153719936855,54.591600604478394,90.5731488222479,1,13
gb_sample,26945,45.91064158456407,78.71538223990899,76.16759715930878,1,11
gb_sample,39934,78.77604628237795,16.527189273518673,84.17549991226002,1,5
gb_sample,14496,23.931239133473746,80.24672689559245,82.15950532766905,1,11
gb_sample,37340,69.6157930525503,37.712343620506466,66.91013293870259,1,13
gb_sample,9389,17.780136359050164,80.85501175434972,18.661550025279045,1,10
gb_sample,35245,65.03158348619337,22.065547104319553,10.231181618825481,1,13
gb_sample,23542,45.20516062823876,64.69990190350046,18.32254234021998,1,11
gb_sample,41485,76.4519293033619,60.103453469003696,30.162794911819446,1,11
gb_sample,5542,9.833817384247826,66.49455258519946,61.471365024909346,1,11
gb_sample,45190,85.58290751412976,13.293196560104992,6.908857745460996,1,11
gb_sample,10972,20.12331497097428,19.478378156564187,30.792598439469938,1,11
gb_sample,14750,26.546231266196234,54.707976462102806,47.92487682628324,1,11
gb_sample,13940,26.419928456631524,20.62250559863441,60.08381925271565,1,13
gb_sample,38886,72.78285816407364,37.21196725335805,61.22060190275066,1,11
gb_sample,21549,41.619122928949636,45.81671551915331,18.716760856571295,1,11
gb_sample,8453,15.354463052032399,16.930711236489717,34.48202394143099,1,11
gb_sample,38072,74.43853429644946,12.514819034308296,70.29291156331428,1,11
gb_sample,17040,36.01971519017756,85.5155705688391,19.814183485921514,1,11
gb_sample,42020,80.4400741824457,62.595772811620535,12.105837392772006,1,13
gb_sample,21511,39.826246844573646,74.41374510467699,96.29619278268446,1,9
gb_sample,23838,44.063314736645566,21.867133878867307,90.1863924803432,1,13
gb_sample,21916,35.03509645422481,67.96278594421736,88.58524537065507,1,11
gb_sample,20720,39.92461842496376,2.605508275338434,81.23730237098519,1,11
gb_sample,28966,53.887846079969286,73.3629432723101,40.688672269785144,1,11
gb_sample,18181,33.24236806925383,46.28396614934043,52.64737709302929,1,9
gb_sample,37109,69.93596830553896,18.83894798919663,78.1393168386304,1,11
gb_sample,24793,48.72168657611634,30.683725867643393,28.317541113461473,1,11
gb_sample,15953,32.275743456545484,31.97157461452966,32.58226164336651,1,11
gb_sample,7920,17.440245765071786,6.3081095141914485,16.80770606005908,1,13
gb_sample,26562,53.472930646481075,84.1852325759603,92.92356485601304,1,11
gb_sample,40290,76.25089924223165,53.368303660188225,14.61513879173702,1,10
gb_sample,25119,45.9003960828256,63.48680419347773,60.59862993201632,1,10
gb_sample,15344,29.440730197903267,21.64963929642041,53.57305835140506,1,11
gb_sample,17945,37.33812904046153,12.514563268790145,12.51727997279501,1,9
gb_sample,42829,81.40612459568318,16.275704597072984,64.99602638001281,1,11
gb_sample,36421,76.3657149858534,8.048391053220191,93.75009907301214,1,9
gb_sample,12841,25.527878439361768,0.34035098114240503,17.566515942305582,1,11
gb_sample,32190,61.38356140526481,35.61011747528967,31.639609825839845,1,11
gb_sample,32687,64.25230982617124,62.842280094410775,60.69806994100351,1,11
gb_sample,7645,18.36085983582327,17.31648914133597,31.86331643319261,1,11
gb_sample,3049,4.607451026170965,81.86877193748865,71.94607944431063,1,13
gb_sample,29769,53.08716651013202,33.668435330159106,62.69871465246322,1,11
gb_sample,9427,19.346412118537962,70.55016847615093,28.956153475458876,1,13
gb_sample,27574,53.1805909888628,48.30827740344354,53.51980447387217,1,11
gb_sample,46294,86.37544868306549,64.93465508394931,27.961951443266827,1,13
gb_sample,31461,57.12492800967871,32.51654717730863,0.5116581667576676,1,13
gb_sample,4153,7.854608487859861,76.09397255870901,19.124041395052767,1,10
gb_sample,25291,47.4415541997621,15.58212156687546,14.304860289146053,1,11
gb_sample,28191,51.861858994401125,37.96660629195489,56.42122947258773,1,11
gb_sample,5586,10.838438710931753,13.452173971155563,49.64003038605826,1,11
gb_sample,11431,19.973474807159985,66.00439317794718,32.38270456168559,1,10
gb_sample,39536,71.00899361930973,11.664428747227944,96.11152847934297,1,11
gb_sample,14209,29.04368335231699,2.5510201147637694,18.43230759286774,1,11
gb_sample,25765,46.08227689722695,52.509164704058975,71.95269521477012,1,11
gb_sample,15225,30.462969138747273,11.624022540224338,13.190590865484607,1,13
gb_sample,39636,74.00387567162724,62.78639712697764,29.81985752803038,1,11
gb_sample,21212,42.48481039498033,86.94543171291598,10.052594191823085,1,11
gb_sample,24155,42.530273859284065,26.198127310656446,60.68553234174366,1,11
gb_sample,18550,33.21666760611342,80.49675501975287,78.0841417757581,1,10
gb_sample,13579,27.350954953578064,7.584363687327461,13.475938048537206,1,13
gb_sample,25060,48.38021469617484,36.50372589594243,45.35960329868812,1,11
gb_sample,28845,52.64158398506181,71.22510977858049,42.26742942436541,1,11
gb_sample,40410,76.62475240737739,59.09841256423553,47.48102699108665,1,11
gb_sample,17491,32.849230781388215,43.34537371578873,42.614071665778155,1,10
gb_sample,24242,44.768724730950225,50.23507435145472,9.723676894532655,1,11
gb_sample,32845,60.65458098184024,13.040103408637131,79.73315611651368,1,11
gb_sample,40732,77.70766374914426,11.2944738110648,72.68040996318,1,9
gb_sample,2854,3.2848756122112404,82.37411079381032,83.28340154791145,1,11
gb_sample,39734,74.12356696342705,53.51252685995649,55.055990607228686,1,13
gb_sample,21214,39.47040016431271,31.004893307887503,60.6790754654858,1,11
gb_sample,12434,22.892462119605494,5.594733609145802,15.35349014876442,1,13
gb_sample,46951,90.4786625368005,15.257223349489708,52.75384921531697,1,11
gb_sample,30138,55.77725294655418,61.92641627879365,58.457648044738,1,11
gb_sample,31601,59.02036779068283,74.3348891580848,70.86891287321751,1,11
gb_sample,29822,57.24883115806701,36.14209506263018,31.72440759296124,1,13
gb_sample,26492,47.36285041854341,52.843122076398735,89.48432311398766,1,11
gb_sample,21231,40.90294946096057,44.868363106981114,16.071622314232464,1,10
gb_sample,30284,52.56390396414395,5.747718726563734,80.11454696697662,1,10
gb_sample,35487,66.61869192474978,59.80177108166589,14.613598094519508,1,10
gb_sample,13201,24.251593812803993,75.9493005735755,94.00980494688854,1,11
gb_sample,23147,44.18335418376257,45.55822181030137,35.47079285313285,1,11
gb_sample,38340,70.25410046347595,66.53749273117606,57.645768559424255,1,13
gb_sample,14070,26.921643976999597,83.19744742471379,81.85573239029752,1,10
gb_sample,10262,19.074185033861433,5.528951880542242,8.977307820860469,1,11
gb_sample,41321,77.90364637978281,93.75764606596225,19.366601659295636,1,13
gb_sample,50677,90.3985363827207,4.330950893289087,66.2762631081175,1,10
gb_sample,50554,95.37128700946168,68.18580489177492,42.1031893683225,1,11
gb_sample,12690,18.64940598213976,84.45036988749683,72.36751263705487,1,11
gb_sample,20835,38.68915438349988,39.744426828546274,74.47343423121639,1,11
gb_sample,13744,25.387602153842845,81.54956814971744,21.396110640044625,1,13
gb_sample,22479,43.11998218967046,68.18067891888778,20.677667682361346,1,11
gb_sample,27730,49.19988658259599,71.98496756202046,15.135381888896623,1,11
gb_sample,12592,20.765521688149764,64.06508686234781,50.85315107576799,1,10
gb_sample,24685,43.643643592821704,44.99123580788993,54.97364515321446,1,11
gb_sample,34792,65.41012642200882,70.27098076905624,36.357239272913404,1,11
gb_sample,7304,11.632709458189225,70.4677621874846,46.12418030156556,1,11
gb_sample,23520,44.96586097328193,66.17815065090434,8.354399719734717,1,13
gb_sample,49863,94.13257123895922,72.6991924155679,56.27068072797585,1,10
gb_sample,39061,72.77709782060866,46.4516626291362,7.642497383433962,1,11
gb_sample,38073,71.7090674975172,49.460742225148635,3.9023724756796447,1,11
gb_sample,25239,47.342012086893355,82.63953162708597,95.13607695519961,1,11
gb_sample,19000,35.744293298037526,17.532307458634538,78.18197810492599,1,13
gb_sample,34044,61.915676740528575,9.794748013674111,89.43198128763022,1,11
gb_sample,30649,56.159640684542175,57.93418826085217,14.526037394356848,1,11
gb_sample,17298,37.0362899862483,76.98448348630139,17.61764673939482,1,11
gb_sample,10782,21.99739363555691,88.7686541098753,17.114095241733615,1,10
gb_sample,21839,40.17929092174834,35.643327144098244,58.25897682280602,1,13
gb_sample,24432,45.4755305697709,70.35738304142444,24.548836901809278,1,11
gb_sample,31455,58.90176951606917,65.2396953333671,64.99121939553633,1,11
gb_sample,24390,46.958576053409296,89.83454889147771,81.2458974120978,1,10
gb_sample,20486,38.05147133554463,81.57438955503858,13.052689418659645,1,11
gb_sample,35110,65.16294395548913,40.016393123187804,55.16343824855458,1,13
gb_sample,30522,56.523061871232386,65.2710549819381,63.406305873171966,1,13
gb_sample,24068,49.43025076613029,24.091157837165486,9.85781430116849,1,10
gb_sample,8059,15.24815793942131,95.66650053079218,5.26411515318661,1,11
gb_sample,34896,66.49094821314131,40.39626553329319,43.717357326520215,1,13
gb_sample,33700,63.19263617541393,24.127162077386895,87.7438653189965,1,13
gb_sample,20737,35.76732346513518,78.55229162192363,19.879130400207472,1,13
gb_sample,35328,64.71012281977839,49.37124132217466,85.4344218586258,1,11
gb_sample,23496,47.822788103117254,54.171876786921004,64.11673724117968,1,11
gb_sample,40626,77.41913429074884,51.472670904059726,12.918870620557351,1,11
gb_sample,8178,12.854444862009418,2.7018850568328663,65.67654458597612,1,11
gb_sample,46220,90.14200213043277,73.8619978416504,76.79663792868934,1,11
gb_sample,38745,74.79149858590472,55.17085711531503,80.14096585605121,1,11
gb_sample,48657,85.71440403712546,66.90462050528986,30.119898508663827,1,10
gb_sample,18008,33.6557843052306,62.283190397876034,63.938516407844524,1,11
gb_sample,22357,42.473854811597114,18.111001048876027,81.39500698786117,1,13
gb_sample,29054,54.05988042142334,27.953502354448215,22.585405058298832,1,13
gb_sample,36646,70.88789536755485,53.479322167400824,12.58987211268595,1,11
gb_sample,429,1.2625872792003767,91.61351956567894,86.99024445456034,1,11
gb_sample,29155,54.25837641886103,55.39979781178652,44.098977896036004,1,11
gb_sample,49828,96.08652801561696,67.9515973993801,58.18953973278835,1,11
gb_sample,50661,94.8574655154902,71.89946237958883,23.57852185474497,1,10
gb_sample,30148,58.13054696599557,44.852072434846214,16.184702840011195,1,11
gb_sample,17564,34.30801964218667,92.78457575510932,16.95289449060966,1,11
gb_sample,49965,93.22609398010225,84.66716887868502,81.04777785113146,1,11
gb_sample,45498,86.31593237438156,6.423495266104503,69.3443253240665,1,11
gb_sample,3743,6.894383491861864,76.94736144146009,65.09939169260439,1,11
gb_sample,23054,41.99235351714863,57.42451031964064,97.19076305165098,1,11
gb_sample,38182,72.15656273324885,0.19729667191642553,18.88130930633019,1,13
gb_sample,22484,41.307714346536514,35.11499371859831,90.5369482333452,1,11
gb_sample,17405,33.92913111515688,3.520280131068086,76.25259189596808,1,11
gb_sample,20119,37.24428338578064,45.53664457563499,52.87954077972398,1,11
gb_sample,29584,53.22335633779416,73.7244774259492,24.661387815189272,1,11
gb_sample,373,2.2930445297625877,0.21108055066533304,53.73631180190653,1,11
gb_sample,41170,74.40467238393565,69.79258598816126,37.78514685932411,1,11
gb_sample,48277,91.22000359327366,14.998555135124407,19.23950687043267,1,11
gb_sample,19984,39.44540781754524,94.86491558898835,1.9855299983674513,1,11
gb_sample,215,1.5608233044962703,92.10439000622141,84.31179827602207,1,11
gb_sample,47558,89.41495570362908,70.47073841082971,9.575246612364914,1,13
gb_sample,19939,37.47099455353664,35.348268399255076,1.8352978264337783,1,11
gb_sample,14685,29.128098138806404,46.41877115824363,32.85267035488189,1,11
gb_sample,30821,59.87685346414989,1.1321359061358451,82.47540589523905,1,11
gb_sample,7500,12.693340211076086,70.65616772609701,51.226408684591284,1,11
gb_sample,28313,53.54899591433869,39.48122361739462,52.44346505325945,1,11
gb_sample,46442,83.01723796839572,81.77845304133112,75.81787762170603,1,11
gb_sample,29388,55.636267887617265,73.41905081858548,15.259843929856869,1,10
gb_sample,38803,74.91725097819794,55.59580414082165,13.387593186152248,1,11
gb_sample,22688,41.11187482208762,52.92724388565833,4.959575332939906,1,11
gb_sample,18859,33.318028355564856,61.31857932527126,55.20748274818908,1,13
gb_sample,35814,68.29954980078385,47.07273319047334,79.95735524890729,1,11
gb_sample,36553,68.21981077378592,25.12790599930479,15.593411253189286,1,13
gb_sample,20918,38.55912395380583,21.117923509206438,11.688006240257682,1,11
gb_sample,36339,67.97789844412878,25.951843639710752,6.432093975545402,1,11
gb_sample,21311,39.28495450586948,20.520244895224135,90.9158233848264,1,13
gb_sample,23566,43.35276849163019,35.46651499041962,12.966842058531292,1,13
gb_sample,39351,75.00451601401899,32.95507181416151,66.7200323485232,1,14
gb_sample,27494,50.29085623120349,42.84260215048109,54.391785899386996,1,11
gb_sample,6610,10.450391901053283,86.1473523052062,94.93626963578753,1,13
gb_sample,49801,91.04367214458316,76.07855877583032,2.819646363666929,1,11
gb_sample,22173,40.303907078154886,55.41301687944184,3.8904626889407528,1,11
gb_sample,1237,2.07813781911657,15.709070098014676,34.851337964690075,1,11
gb_sample,37463,70.12671334419336,28.33990735440527,63.86055776564901,1,11
gb_sample,2429,5.164460782877966,81.6809016616118,9.429138424011747,1,13
gb_sample,20117,35.86636533342532,55.785282542727806,12.619707155038265,1,11
gb_sample,39643,72.58532400341477,14.43802321789913,94.04592862887297,1,11
gb_sample,16625,32.94291372042148,89.71104268555752,74.5950667934555,1,11
gb_sample,23885,44.00222420253869,67.6318481915159,53.15695111162691,1,11
gb_sample,35335,75.42387216160795,5.032558562685624,89.77632057807098,1,8
gb_sample,27592,51.817832590183436,71.5671426776909,44.972128851149016,1,11
gb_sample,42919,80.24735585675855,28.08476477247538,43.10585310912136,1,11
gb_sample,12175,21.294693840299104,14.353711521364731,22.416186839920655,1,11
gb_sample,48509,90.45615567949052,75.20231505455847,67.7020533315212,1,11
gb_sample,19127,37.79295523024024,35.810370088879296,96.67591670041885,1,11
gb_sample,22761,42.595867058401474,77.54110677264576,90.6974924416281,1,11
gb_sample,19640,36.76277297543721,15.101459701892997,10.056717202273587,1,10
gb_sample,51275,3.2610167861504635,94.93647302426974,3.9670109115900525,1,11
gb_sample,14064,26.49178314810332,78.63721325955618,89.93921046594464,1,11
gb_sample,25395,49.369403394936526,11.286487019152167,15.896041674819296,1,11
gb_sample,32530,63.96668446534253,13.313212981849782,2.1813370627380664,1,10
gb_sample,23760,44.60816235971721,83.28120557573945,94.76332596107069,1,11
gb_sample,40205,76.44524645044741,76.68090296523242,10.616474315199767,1,13
gb_sample,29710,57.985288856528534,72.98029598802515,6.991259675150832,1,11
gb_sample,20138,40.605676078845384,19.893154433223522,7.015568193424014,1,11
gb_sample,11341,19.094498585971063,72.4462168464479,69.24193565677774,1,11
gb_sample,30027,56.10392899146845,49.5799622998503,62.312047617142476,1,11
gb_sample,39957,76.73686577242438,49.95084605537458,21.546816853073747,1,13
gb_sample,19539,38.39518073157698,21.071338886379717,8.405780616942733,1,13
gb_sample,33717,63.38709005268792,70.2872320920401,34.35875490100198,1,11
gb_sample,30291,56.26267988080092,40.68477609016223,91.72082493513099,1,13
gb_sample,42558,81.86146275694799,68.98230553181261,73.818440910924,1,13
gb_sample,11807,22.269564209871913,9.325471282282036,9.771995647855187,1,11
gb_sample,45305,88.98911739126356,71.24989486911281,91.14877543665867,1,11
gb_sample,24036,41.97597705611016,26.397187512570092,63.345029529812614,1,10
gb_sample,23274,42.044499881192195,75.57653682827997,85.5326293398684,1,11
gb_sample,47923,88.07162020131369,86.61747092334583,72.45192925356116,1,13
gb_sample,28969,52.98517829774276,51.962111615239884,3.9930159010755357,1,13
gb_sample,51007,94.12394345836455,77.74681315665013,65.19988956298097,1,11
gb_sample,43002,82.1628564499776,70.26710063809587,88.86915074438865,1,11
gb_sample,36745,70.36933055204258,5.942141634096201,77.45507210029133,1,11
gb_sample,10293,19.38727572335635,96.60650024868129,95.49802041281337,1,11
gb_sample,12636,23.310640139907328,90.41085605405962,72.18922050440973,1,11
gb_sample,35920,67.75077048127632,26.321364163580597,82.1639356169385,1,13
gb_sample,43960,85.29910705109388,71.27548700439709,92.98167683385839,1,11
gb_sample,24545,46.50458885901696,34.586374385227714,38.96203055105015,1,13
gb_sample,16663,34.10186027030813,86.77764570221584,14.788178343498563,1,11
gb_sample,21784,40.34314897637126,60.43623647943682,80.14364902090526,1,13
gb_sample,16524,31.50545623739053,75.78718508836631,82.16890413255379,1,13
gb_sample,26204,46.07998370320836,37.79250811962519,1.1739348200989388,1,11
gb_sample,26664,52.18529361077006,83.48389597781888,80.57359195407665,1,11
gb_sample,20575,39.27136881978515,31.98314077090851,38.18656431093855,1,11
gb_sample,45818,87.69836073261988,9.909936262247028,13.599750306296112,1,11
gb_sample,46193,84.03426571690433,95.5381939274052,71.05091633165804,1,11
gb_sample,23800,51.13033426731832,82.16792176283235,13.150497397462598,1,13
gb_sample,27052,49.65176297654869,21.025700955950484,69.1568481662082,1,13
gb_sample,19320,36.476126193653855,92.6768522697064,75.22983411565312,1,11
gb_sample,36441,69.14780139474065,52.80464548544517,78.00769594815708,1,11
gb_sample,47877,90.49556047787172,75.4632277289394,7.143336006722769,1,13
gb_sample,40001,74.60590294410999,61.008353637203015,62.259969139430154,1,11
gb_sample,17190,33.13576011299018,41.80622374749268,40.30850100475136,1,11
gb_sample,21746,41.73754736000228,94.20636818769175,80.8107326616769,1,11
gb_sample,18725,33.442703033682626,70.58480928099041,51.10228731836154,1,11
gb_sample,42878,82.06039404703736,23.628030774714702,12.742168202791548,1,11
gb_sample,41054,77.94571527182384,74.63646433569957,79.34668953640293,1,13
gb_sample,37481,70.96526327517718,43.4938349457262,11.905533531459275,1,13
gb_sample,28573,52.210058173683514,73.51164516405724,30.02260886369994,1,11
gb_sample,15746,27.837750160758,67.59371972968458,28.42374805246213,1,10
gb_sample,15302,26.761631607062153,74.10582815564264,24.52644862306991,1,13
gb_sample,14307,31.079917405374434,74.16942842977433,90.84615703935772,1,10
gb_sample,8124,16.71252558011731,12.423639512771425,23.39721008965242,1,11
gb_sample,24991,47.93383599639447,41.61091063376035,54.89286185360573,1,10
gb_sample,40866,75.15152847699325,50.32272852555461,58.60649754093443,1,11
gb_sample,32599,59.51089921210747,52.04192318968871,4.5145507201622825,1,11
gb_sample,40711,79.19627579633705,76.30728211271416,69.67935267761278,1,10
gb_sample,39588,76.51142745905015,57.88514089247338,76.39182583390561,1,11
gb_sample,40953,78.31619905047106,59.39930732174625,18.92810979451216,1,11
gb_sample,36293,67.84796152789922,72.31927332603183,36.29636666514601,1,13
gb_sample,16469,30.467013925788716,25.422776154183133,84.14211279740765,1,13
gb_sample,6595,11.578233691841886,69.30410586118093,56.95131153514922,1,11
gb_sample,43942,82.48790343443667,24.89698612350596,22.83886167610706,1,11
gb_sample,48557,94.81829700430907,81.55729883484403,11.420714365305813,1,11
gb_sample,19277,37.40422574064148,58.84162556911431,10.373477935841478,1,11
gb_sample,50248,93.86858252255043,83.1326779619138,96.20424033545441,1,11
gb_sample,26435,49.60831627034552,45.598828661688174,63.477766575509456,1,11
gb_sample,22002,39.056266134869645,58.193431760222296,97.51514417298303,1,11
gb_sample,18594,32.923322226550056,42.55443590265876,51.69109800898376,1,11
gb_sample,41106,75.23732902961451,10.439096311491895,73.8056327411078,1,9
gb_sample,31677,59.15861335134917,45.785131463987305,63.370778605938774,1,11
gb_sample,13814,26.79892769613196,76.65922572384449,77.97604430184906,1,13
gb_sample,48836,91.75926573062256,67.09461900914027,24.02374881612124,1,11
gb_sample,31194,54.596636211847034,34.14816928167797,49.743333522316185,1,13
gb_sample,38196,74.60940866754366,48.16360022765566,43.03859323755558,1,11
gb_sample,36629,67.60800343067801,27.921452947827884,60.03433021209383,1,11
gb_sample,34169,62.869721347522976,40.23713135479218,53.10090847225744,1,11
gb_sample,48879,92.19438190045013,80.61162958007188,89.87610402443867,1,11
gb_sample,37520,72.7948660690119,15.196475140222363,72.19976467481705,1,11
gb_sample,42446,80.6839872709137,18.64301126243134,63.54352841129754,1,13
gb_sample,12010,19.750255620431947,88.69667647110812,77.2428561376947,1,10
gb_sample,42224,78.00961038923309,13.144907348732795,3.571554793274352,1,11
gb_sample,8140,12.926094927454384,68.11431599419383,47.329263026866386,1,11
gb_sample,44950,85.91381725459881,15.625801284355218,27.65238340610473,1,11
gb_sample,40183,76.0666056165276,39.80005498760943,53.96313484549284,1,10
gb_sample,39877,75.28518717616028,48.11454981234379,49.744336110891275,1,11
gb_sample,31056,57.245895264134816,22.861506915925762,60.371184695489376,1,13
gb_sample,36827,68.6082451933177,39.57177497834741,71.30567877827315,1,10
gb_sample,9979,18.65251721713531,13.387660988053916,30.289235736841455,1,10
gb_sample,25406,46.08448915671263,71.8812273040115,46.53793693264681,1,13
gb_sample,12472,22.883574734283616,7.145984633533,92.04659686968667,1,13
gb_sample,40230,76.09813242112581,91.48635152238006,1.9153414760630942,1,13
gb_sample,14683,25.86142747303637,63.96954912273417,48.46856969537892,1,11
gb_sample,43847,82.84388372125474,70.61254656728293,56.57333122157663,1,11
gb_sample,23220,52.75677105644676,5.966838662262206,14.287505986481412,1,11
gb_sample,44163,82.81134267260094,16.142816723277488,62.706511876179164,1,11
gb_sample,44156,87.5050636247019,77.25247530150415,12.863682012457916,1,11
gb_sample,48960,90.56878781301782,76.60935253855364,97.53675062564172,1,13
gb_sample,28506,52.57162171750836,74.22739067874565,19.64394793941802,1,10
gb_sample,24928,48.217469562562634,91.08962184572711,83.58935901075414,1,11
gb_sample,3080,5.925710173397369,71.14446243209998,47.423714301441436,1,11
gb_sample,14664,25.973889107810567,67.90046883751668,33.89266823639692,1,11
gb_sample,24194,43.9270106563104,49.89206147055837,93.14717791617207,1,11
gb_sample,21101,39.27319111558121,30.379039443356664,63.431750676994874,1,10
gb_sample,24455,44.55211425013501,27.677102603497975,17.466184739365442,1,11
gb_sample,39370,77.78149890843336,18.97221452432591,80.1017830181765,1,8
gb_sample,20592,36.97100386598933,70.1140957595365,45.744347021604185,1,10
gb_sample,17952,33.423996415536664,18.651759429073856,6.889565788371569,1,10
gb_sample,41257,78.10855001059144,67.94535361192075,70.07923605361815,1,13
gb_sample,15415,30.00061182376059,95.3034667544652,17.578638177140153,1,10
gb_sample,40099,77.26987313411931,63.625224277139644,68.65233691381485,1,13
gb_sample,42751,84.1458763382312,7.580266258300321,94.60914479264193,1,13
gb_sample,14684,27.876275403030725,79.80276829552767,86.29428598758201,1,10
gb_sample,12602,23.65845168984098,26.923204105959943,58.80852636861774,1,11
gb_sample,21799,44.03328035512481,92.35542283819754,19.299939600231955,1,13
gb_sample,43544,78.49577255292743,59.066119201408,45.245524973933,1,10
gb_sample,13437,24.34625196403879,17.799526514638025,29.2690429150021,1,11
gb_sample,20516,39.71928751449356,97.33584037811168,80.71930233642132,1,11
gb_sample,14942,30.22264172374306,30.41724820281626,46.58879684391232,1,11
gb_sample,22741,36.71398154989421,74.76988776096654,89.40240779099742,1,11
gb_sample,20339,39.98938721591651,18.921899327395064,12.632720718624357,1,11
gb_sample,15985,26.748719845340073,10.254352566975259,75.00566900513113,1,11
gb_sample,37627,63.91795993245173,7.602492220604527,81.53269236213617,1,13
gb_sample,39451,74.03720904657308,57.73755165660551,87.27835316399239,1,13
gb_sample,37261,69.59991224016596,46.69365583241117,4.917767412429971,1,11
gb_sample,28375,52.6555122742287,72.6778853840027,27.23772717410769,1,13
gb_sample,48476,91.08232886858549,78.35744937998379,79.06224084999617,1,11
gb_sample,6676,8.994708367388998,76.25788095121791,67.43666883647987,1,13
gb_sample,13926,29.27516643902651,11.356894359823578,74.2765798460192,1,10
gb_sample,43747,82.78429681539659,66.65828872999577,59.14540592662564,1,11
gb_sample,35500,68.97539903108195,48.624765606387435,11.576655071192311,1,13
gb_sample,131,95.9730776688925,95.33322068497593,76.04464282520628,1,11
gb_sample,10651,18.005903935825806,69.02580390093178,38.08628192593932,1,11
gb_sample,38618,70.43815198947502,35.19711058476062,43.38270770661768,1,13
gb_sample,12343,21.48962771965496,62.06373166369238,55.78160103329721,1,10
gb_sample,18622,35.405949599754294,60.309819538917594,62.21398492562544,1,11
gb_sample,12541,23.748171166921995,97.2856995828071,14.251085152741677,1,11
gb_sample,17603,30.454759052390507,67.17759848181267,24.74182341956711,1,11
gb_sample,39814,77.78262384677774,13.020656510093822,6.530377316811653,1,10
gb_sample,38291,72.49110500505927,52.54794525278782,87.0523361974514,1,11
gb_sample,45437,86.78858979008147,93.07071143965437,96.0580927990948,1,11
gb_sample,18993,36.565266390114054,4.912521611192952,78.80012275695472,1,10
gb_sample,27889,55.59171153498698,31.334317169033728,41.98715907427984,1,11
gb_sample,37556,72.0299658915703,45.944282628085254,31.958020460610886,1,11
gb_sample,29700,53.51580744677875,83.49361743772155,87.76845316787849,1,13
gb_sample,10526,21.417529083074783,73.21151286056241,24.02522301674876,1,11
gb_sample,48199,93.22235136878369,81.03715588652629,43.79237812072082,1,11
gb_sample,3268,5.870975021125693,69.58755937021235,57.413717619303306,1,11
gb_sample,15785,32.01290782920571,24.091171563769976,79.65054364985032,1,11
gb_sample,9570,18.075918593570492,93.02692696407826,92.23973938050376,1,11
gb_sample,15547,29.146692929387125,69.2405130666725,26.534163194018884,1,11
gb_sample,2058,2.6881128453117595,69.66492436504275,28.422838541387673,1,11
gb_sample,34160,61.145905248897776,44.948350026420016,83.5923761172472,1,11
gb_sample,44152,83.3161593621693,20.9713493632122,30.764234976101562,1,13
