role,atom_id,x_A,y_A,z_A,is_gb,first_neighbor_count,distance_to_nearest_gb_A,bulk_distance_rank,wagih_delta_e_kj_mol
bulk_reference,429295,192.6620026,131.6179962,96.7316971,0,,39.26293596185094,1,0.0
bulk_reference,429297,194.1230011,130.8410034,94.3054962,0,,39.24451051828462,2,0.0
bulk_reference,431145,191.9839936,129.746994,89.8233032,0,,38.97612532411283,3,0.0
bulk_reference,429208,192.9550018,128.8849946,92.4587021,0,,38.7257049359957,4,0.0
bulk_reference,429298,191.4940033,129.6629944,94.885399,0,,38.72519714261652,5,0.0
bulk_reference,429388,192.8580018,134.4369965,95.942299,0,,38.704448955648054,6,0.0
bulk_reference,393710,48.4463997,174.8370056,45.4323006,0,,38.69133842179553,7,0.0
bulk_reference,427377,191.0039978,129.5740052,99.9470978,0,,38.65957019551676,8,0.0
bulk_reference,429205,195.3869934,127.2460022,92.667099,0,,38.610633165194976,9,0.0
bulk_reference,427379,192.4649964,128.7980042,97.5205002,0,,38.605714608614655,10,0.0
gb_sample,235619,37.3666,149.7969971,106.9100038,1,,0.0,,18.4444065
gb_sample,450026,190.6470032,150.3760071,32.0159988,1,,0.0,,19.4261627
gb_sample,234335,156.2949982,23.8570996,179.6959992,1,,0.0,,2.8619228
gb_sample,436118,194.3710022,186.8029938,113.9079972,1,,0.0,,18.2404671
gb_sample,350613,132.4459992,178.6029969,28.9386006,1,,0.0,,21.5523644
gb_sample,329818,185.970993,7.3343501,143.5859986,1,,0.0,,19.0524197
gb_sample,291699,86.2580032,171.0639954,182.7689972,1,,0.0,,19.2818051
gb_sample,356249,150.8450012,179.6139984,133.2330017,1,,0.0,,18.9840184
gb_sample,461566,162.772995,86.8992004,49.8058014,1,,0.0,,29.2172108
gb_sample,214203,119.4160004,90.7177964,124.3840027,1,,0.0,,6.0229797
gb_sample,62422,21.6068001,120.3330002,156.6600037,1,,0.0,,30.0482636
gb_sample,310516,24.8306008,83.905899,73.226799,1,,0.0,,19.3424778
gb_sample,265012,94.5972977,124.5910034,186.3459931,1,,0.0,,15.6886416
gb_sample,411011,3.19646,196.8000031,89.8414994,1,,0.0,,-6.969172
gb_sample,449515,181.5180054,141.929001,25.0044003,1,,0.0,,43.6495171
gb_sample,392867,66.5195999,129.0,69.5202027,1,,0.0,,39.6443825
gb_sample,120943,74.6062012,87.2354965,113.3339996,1,,0.0,,32.0592041
gb_sample,369701,133.4850006,117.1660004,112.2200012,1,,0.0,,0.9682472
gb_sample,357755,138.578003,163.6150055,129.2290039,1,,0.0,,27.5886479
gb_sample,69691,73.0820007,137.0729981,197.279007,1,,0.0,,6.9058414
gb_sample,196280,109.151001,-1.55764,13.5426998,1,,0.0,,-4.657919
gb_sample,233274,133.4479981,47.2891007,184.298996,1,,0.0,,4.4261875
gb_sample,297658,199.3079987,52.8199005,69.5341034,1,,0.0,,-19.9493866
gb_sample,294506,169.4709931,39.4678002,46.9315988,1,,0.0,,5.1325536
gb_sample,212424,153.9320068,90.2580032,124.8030014,1,,0.0,,-12.5749464
gb_sample,443592,189.5639954,117.5080033,40.9700012,1,,0.0,,6.2496591
gb_sample,207220,64.3003006,34.4267998,200.3930054,1,,0.0,,-24.0156155
gb_sample,221634,128.5809937,36.3465004,107.8830032,1,,0.0,,39.9586372
gb_sample,78190,124.2549973,85.4257965,71.0976028,1,,0.0,,31.2870026
gb_sample,411332,193.2700043,109.8759996,159.977005,1,,0.0,,38.2418823
gb_sample,414123,198.8639984,128.9640046,149.3470001,1,,0.0,,-24.6608181
gb_sample,301606,8.1321697,49.6753006,12.0622997,1,,0.0,,-26.4307499
gb_sample,370781,109.137001,94.2065964,77.6389008,1,,0.0,,4.3065329
gb_sample,139937,166.3699951,50.1487007,55.3334007,1,,0.0,,21.0657959
gb_sample,291820,99.9228974,176.2649994,164.4799958,1,,0.0,,11.816639
gb_sample,396059,59.4352989,149.7709961,86.3777008,1,,0.0,,13.5628195
gb_sample,100445,171.3609924,78.7838974,174.6779938,1,,0.0,,8.6598635
gb_sample,149752,8.3636503,76.342598,126.3209992,1,,0.0,,31.0726204
gb_sample,82013,100.4039993,100.8880006,-1.63256,1,,0.0,,44.050518
gb_sample,147787,8.5542803,72.6769028,99.2715988,1,,0.0,,29.8204308
gb_sample,100639,110.9560014,39.4105988,71.856102,1,,0.0,,5.2326312
gb_sample,131353,29.847601,99.4633026,108.1289978,1,,0.0,,40.8230362
gb_sample,89792,158.3170014,72.0251999,33.9005014,1,,0.0,,32.5391388
gb_sample,314925,191.7879944,100.3759995,164.8009949,1,,0.0,,56.0533829
gb_sample,313604,13.1415997,98.9954988,50.8541986,1,,0.0,,33.9422226
gb_sample,287671,75.6182022,3.9386102,151.8040009,1,,0.0,,15.6172047
gb_sample,30847,177.6320038,182.102005,126.5510025,1,,0.0,,28.864851
gb_sample,445386,18.4426003,143.2189942,68.1909027,1,,0.0,,12.9698648
gb_sample,91121,149.6730042,45.1871986,38.5690003,1,,0.0,,-14.8179369
gb_sample,130561,12.1564999,71.6144028,124.3280029,1,,0.0,,21.1289444
gb_sample,76131,46.8941994,133.8430024,28.6490994,1,,0.0,,26.1082916
gb_sample,333512,55.3117981,42.1640015,198.6269989,1,,0.0,,11.4470425
gb_sample,131601,14.1743002,84.4447022,134.5429993,1,,0.0,,39.8639222
gb_sample,287002,51.0341988,164.3289948,166.4680023,1,,0.0,,41.5707779
gb_sample,115066,25.4871006,20.5755997,77.7315979,1,,0.0,,3.0274839
gb_sample,315732,200.7799988,106.1279984,176.8240052,1,,0.0,,47.3335152
gb_sample,212717,191.7330017,97.8422012,152.8930054,1,,0.0,,24.9609738
gb_sample,272627,24.2033005,12.2458,85.2040024,1,,0.0,,-10.0232534
gb_sample,281127,33.524601,159.4839936,127.7429962,1,,0.0,,22.1759262
gb_sample,364720,150.7749939,150.3419953,66.1638031,1,,0.0,,-13.2648897
gb_sample,424106,152.5379944,141.302002,98.3431015,1,,0.0,,-1.1273234
gb_sample,18953,187.7810059,3.81636,182.4420014,1,,0.0,,-9.0541821
gb_sample,181031,57.3594017,8.8471604,72.8079987,1,,0.0,,11.8103113
gb_sample,27495,157.404007,14.4153996,33.2482987,1,,0.0,,18.7328911
gb_sample,90585,130.5310059,28.6837998,42.3828011,1,,0.0,,33.4513588
gb_sample,153066,188.0970001,55.0150986,142.3190003,1,,0.0,,39.5760575
gb_sample,182938,31.5016995,13.5806999,85.3527985,1,,0.0,,33.0438843
gb_sample,318964,0.330839,73.0313034,182.6170044,1,,0.0,,22.7467079
gb_sample,92874,114.4449997,15.0320997,30.0946999,1,,0.0,,26.9784012
gb_sample,294628,160.6170044,41.1411018,37.3031998,1,,0.0,,19.1555176
gb_sample,450957,174.1649933,113.6669998,161.074997,1,,0.0,,19.1062431
gb_sample,99973,171.5019989,93.9623032,168.0039978,1,,0.0,,21.8599586
gb_sample,252346,65.596901,109.7480011,169.6759949,1,,0.0,,-1.995527
gb_sample,317712,6.1872401,81.2633972,175.1450043,1,,0.0,,16.0892468
gb_sample,236436,48.1253014,144.3809967,93.7294007,1,,0.0,,23.5720673
gb_sample,2836,14.9925004,189.9320068,20.9993992,1,,0.0,,51.5485459
gb_sample,155461,155.1100006,199.1699982,47.991501,1,,0.0,,30.3485222
gb_sample,271434,134.8569946,110.6569977,163.522995,1,,0.0,,29.8229199
gb_sample,213332,189.3820038,93.9222032,149.6329956,1,,0.0,,19.128439
gb_sample,166546,132.1790009,5.3817501,106.0660019,1,,0.0,,14.1681767
gb_sample,180722,79.8595964,184.9689942,71.5435028,1,,0.0,,37.525734
gb_sample,26379,184.901001,189.5420075,122.0759964,1,,0.0,,9.902484
gb_sample,283059,54.7930985,14.1278,158.6499939,1,,0.0,,-1.4616213
gb_sample,470432,112.1330032,105.4940033,28.4179001,1,,0.0,,21.9692136
gb_sample,189786,117.1100006,2.2876699,14.3619003,1,,0.0,,-14.6333866
gb_sample,291169,86.2979965,182.4369965,168.1230011,1,,0.0,,26.7347603
gb_sample,385727,61.2713013,145.8840028,200.1430054,1,,0.0,,12.5038357
gb_sample,55325,2.89321,97.2005005,152.1430054,1,,0.0,,22.5077915
gb_sample,446253,161.2649994,180.9019928,63.4642983,1,,0.0,,17.7517605
gb_sample,211645,62.3205986,12.6751004,158.1940003,1,,0.0,,4.0672116
gb_sample,367113,142.8350067,136.0209961,46.9855996,1,,0.0,,28.8782254
gb_sample,91322,102.6679993,18.6389008,27.8167992,1,,0.0,,12.6712075
gb_sample,290739,86.6654969,182.2819977,165.1779938,1,,0.0,,-0.3544625
gb_sample,40006,142.9949952,159.2140045,0.99206,1,,0.0,,2.6043573
gb_sample,54189,66.3348007,108.0899963,175.5579987,1,,0.0,,10.8198748
gb_sample,213656,144.901001,104.651001,144.1430054,1,,0.0,,16.5095482
gb_sample,428278,157.5509949,169.7929993,107.8349991,1,,0.0,,-17.3695297
gb_sample,229771,166.2599945,45.3539009,171.6719971,1,,0.0,,-11.3748779
gb_sample,293868,169.6519928,36.8630982,45.9735986,1,,0.0,,15.1440048
gb_sample,403059,43.1148987,129.6799927,78.9589996,1,,0.0,,46.522171
gb_sample,392659,48.6809998,143.2700043,14.0932999,1,,0.0,,-1.0093292
gb_sample,376973,97.5911026,155.5729981,33.6736985,1,,0.0,,13.6687689
gb_sample,221069,179.824997,45.4933014,142.9069978,1,,0.0,,25.1408634
gb_sample,155322,146.7899933,197.3459931,62.872799,1,,0.0,,0.5560144
gb_sample,371690,143.1060028,111.1869965,121.4950028,1,,0.0,,19.035883
gb_sample,469599,114.6340027,129.5650025,39.1081009,1,,0.0,,35.7956734
gb_sample,377713,95.716301,182.4250031,56.983799,1,,0.0,,34.3549729
gb_sample,225673,171.871994,50.9356996,160.9149934,1,,0.0,,14.3910141
gb_sample,365878,149.1529999,148.2630005,117.5550003,1,,0.0,,24.9684354
gb_sample,215258,130.2460022,62.8903008,107.2220001,1,,0.0,,5.3919664
gb_sample,460139,126.4469986,169.526001,10.2888003,1,,0.0,,30.2041588
gb_sample,306240,167.977005,86.5485001,57.0293999,1,,0.0,,23.4925366
gb_sample,172065,123.6210022,187.2550049,85.0289001,1,,0.0,,18.2789402
gb_sample,250511,92.0164032,113.2139969,95.2434998,1,,0.0,,4.0155954
gb_sample,235124,151.0010071,27.7950001,188.4369965,1,,0.0,,9.3641472
gb_sample,29507,179.2599945,139.651001,149.1699982,1,,0.0,,23.509615
gb_sample,200956,106.163002,189.8860016,-0.583863,1,,0.0,,19.7629452
gb_sample,292066,111.0429993,181.2810059,148.0240021,1,,0.0,,22.9680862
gb_sample,335346,36.1144981,44.9109002,14.2601004,1,,0.0,,3.3714516
gb_sample,151595,6.1725001,67.6163025,135.0169983,1,,0.0,,4.0993586
gb_sample,196897,127.3990021,177.1600037,162.4940033,1,,0.0,,39.3435402
gb_sample,273964,33.3101006,21.8486004,100.5329972,1,,0.0,,-1.6462343
gb_sample,333665,0.401656,195.5370026,130.8339997,1,,0.0,,48.7346115
gb_sample,370608,144.4049988,120.9700012,106.8909988,1,,0.0,,26.5145111
gb_sample,131415,23.7968998,92.2907028,78.9341966,1,,0.0,,-14.0243826
gb_sample,420923,158.3540039,163.5639954,126.5100022,1,,0.0,,22.1547699
gb_sample,446346,180.2539978,190.8419952,77.920601,1,,0.0,,10.8046284
gb_sample,144664,144.6790009,40.2783013,114.8069992,1,,0.0,,-9.8070927
gb_sample,1985,22.3995991,193.0679932,194.2319946,1,,0.0,,23.2279396
gb_sample,446340,181.5859986,192.4369965,80.0754013,1,,0.0,,8.5430613
gb_sample,249039,91.6921997,118.1380005,93.2617035,1,,0.0,,-6.1581588
gb_sample,74268,10.5131998,126.0759964,192.2969971,1,,0.0,,-4.4364724
gb_sample,76397,52.9757004,116.0400009,69.3323975,1,,0.0,,16.6749974
gb_sample,405909,17.0188007,146.9880066,14.6451998,1,,0.0,,28.9916458
gb_sample,175452,116.5599976,172.0679932,121.6200028,1,,0.0,,21.3935108
gb_sample,322167,44.8128014,59.9445992,172.3690033,1,,0.0,,26.9172516
gb_sample,231005,120.6650009,22.1627007,133.4559937,1,,0.0,,12.6318674
gb_sample,194690,78.0236969,68.3758011,187.4649964,1,,0.0,,21.4372463
gb_sample,276026,47.8372002,25.2418003,103.3779984,1,,0.0,,47.1377678
gb_sample,138432,148.4880066,64.4611969,113.0569992,1,,0.0,,-16.0350876
gb_sample,452961,159.8000031,126.2399979,166.9120026,1,,0.0,,34.9619904
gb_sample,312776,3.69818,100.737999,54.9275018,1,,0.0,,14.1175308
gb_sample,122479,78.6327973,99.5289994,74.3687973,1,,0.0,,30.1005955
gb_sample,171961,126.2659989,181.0800018,118.2679978,1,,0.0,,34.1886101
gb_sample,117447,74.3320007,80.9884034,120.8679962,1,,0.0,,8.5922261
gb_sample,307368,177.5269928,88.8348999,63.2781983,1,,0.0,,-8.1375618
gb_sample,67290,5.8098402,107.2710037,193.4440003,1,,0.0,,7.0370307
gb_sample,212723,195.1459961,97.7026978,154.9589996,1,,0.0,,25.6909409
gb_sample,31668,173.8699952,124.7129975,169.8410034,1,,0.0,,15.8210535
gb_sample,296900,177.9069978,52.1944008,59.0788002,1,,0.0,,4.0125523
gb_sample,190117,129.2920075,195.5950012,181.5800019,1,,0.0,,25.7019348
gb_sample,185835,99.4088974,73.4244995,163.4329987,1,,0.0,,-11.1189175
gb_sample,73474,66.9110032,131.8860016,22.5569992,1,,0.0,,29.1477528
gb_sample,131660,31.0956993,102.3539963,100.8410034,1,,0.0,,-3.8623618
gb_sample,155995,165.2250061,27.0326996,131.6410065,1,,0.0,,30.4007187
gb_sample,185947,106.4889984,54.580101,200.1600037,1,,0.0,,6.8526764
gb_sample,219584,176.0910034,53.6870995,139.9980012,1,,0.0,,27.1074944
gb_sample,337201,4.3122201,193.0099945,146.5549927,1,,0.0,,20.447361
gb_sample,225252,152.5200043,27.6895008,124.3389969,1,,0.0,,19.6544876
gb_sample,202151,81.6987992,19.6952992,15.6567002,1,,0.0,,-15.6714945
gb_sample,335417,195.4190064,197.8470002,146.4909973,1,,0.0,,-17.0742226
gb_sample,211550,55.2117005,26.2240009,146.5220032,1,,0.0,,2.0473416
gb_sample,304478,11.0158005,58.5199013,3.4035699,1,,0.0,,2.4393077
gb_sample,149883,131.9640046,11.191,93.7904969,1,,0.0,,6.3015766
gb_sample,250747,58.9300004,109.5080033,168.1900024,1,,0.0,,-1.2634652
gb_sample,149736,3.8304601,80.8281021,141.4709931,1,,0.0,,-7.1435032
gb_sample,385652,78.6296997,155.852005,70.3781967,1,,0.0,,-1.4188998
gb_sample,184731,139.7640076,8.5311604,179.9660034,1,,0.0,,33.6982422
gb_sample,241756,60.549099,158.6979981,120.2649994,1,,0.0,,-2.6671858
gb_sample,47692,33.4154015,61.558899,189.2070007,1,,0.0,,40.0171776
gb_sample,172852,101.6949997,8.2916203,47.9634018,1,,0.0,,-9.1660948
gb_sample,78130,109.2139969,88.5413971,59.5658989,1,,0.0,,-24.1454659
gb_sample,301979,196.9579926,55.3282013,199.8699952,1,,0.0,,16.7250328
gb_sample,39095,146.177002,7.0130301,177.1309967,1,,0.0,,32.8225479
gb_sample,50662,42.8658982,58.2027016,42.0660019,1,,0.0,,-5.6334219
gb_sample,309442,23.8208008,76.6513977,34.6643982,1,,0.0,,36.2375603
gb_sample,147905,132.9470062,2.81882,50.6562996,1,,0.0,,14.6409731
gb_sample,368218,146.401001,132.7010041,72.7335968,1,,0.0,,13.239377
gb_sample,232870,165.5039978,200.4510041,136.7050019,1,,0.0,,17.2893791
gb_sample,106226,64.6988983,30.9489002,109.9120026,1,,0.0,,27.7768517
gb_sample,213495,133.3930054,76.1570969,108.2839966,1,,0.0,,24.4799137
gb_sample,98798,134.4490052,16.1650009,15.4006004,1,,0.0,,20.4501591
gb_sample,407123,10.1702004,159.6309967,21.6159992,1,,0.0,,-2.0707758
gb_sample,75531,10.6873999,131.3869934,197.4019928,1,,0.0,,3.3521702
gb_sample,329732,173.8350067,8.04249,148.4369965,1,,0.0,,12.062336
gb_sample,45623,44.1669998,43.2494011,27.1693993,1,,0.0,,11.0752974
gb_sample,49105,26.4242993,65.1735001,192.0809937,1,,0.0,,2.6002801
gb_sample,27708,171.4140015,9.6005698,177.927002,1,,0.0,,9.5172014
gb_sample,14254,179.0809937,6.75593,47.1833,1,,0.0,,2.4858179
gb_sample,364718,153.3820038,151.2380066,70.1636963,1,,0.0,,5.0386372
gb_sample,185787,97.3412018,76.9340974,164.4219971,1,,0.0,,-1.844296
gb_sample,76890,5.50699,120.1200028,26.2236996,1,,0.0,,10.4513197
gb_sample,15850,3.43659,159.6929932,137.7109986,1,,0.0,,14.6070328
gb_sample,303215,-0.78887,53.4171982,-0.687222,1,,0.0,,13.3782911
gb_sample,346472,134.7200012,199.6699982,50.0363998,1,,0.0,,23.6545697
gb_sample,25300,188.2230072,111.3899994,160.3710022,1,,0.0,,29.7202721
gb_sample,278990,28.6030998,157.3309937,123.1539993,1,,0.0,,26.3916359
gb_sample,416037,12.5226002,120.3430023,144.8569946,1,,0.0,,0.2648887
gb_sample,48310,46.0209999,87.461998,159.0970001,1,,0.0,,38.293457
gb_sample,190156,132.6790009,191.7120056,176.5310059,1,,0.0,,18.2627831
gb_sample,310507,177.1620026,83.6647034,176.8110047,1,,0.0,,16.0637379
gb_sample,166953,127.7600022,202.003006,130.2519989,1,,0.0,,22.4730492
gb_sample,297410,24.0809994,39.4595986,52.5565987,1,,0.0,,24.4444237
gb_sample,408931,14.8590002,200.647995,89.0195007,1,,0.0,,9.447752
gb_sample,233373,139.4490052,42.7159996,182.3869934,1,,0.0,,33.3932495
gb_sample,470697,109.2529984,112.8450012,42.7405014,1,,0.0,,42.9319916
gb_sample,16881,194.7769928,201.5319977,170.3359985,1,,0.0,,14.0669317
gb_sample,301905,165.0240021,77.4512024,64.6837006,1,,0.0,,-4.0365109
gb_sample,71559,64.2098999,146.7960053,183.0399933,1,,0.0,,25.3578854
gb_sample,168339,128.4490052,199.4669953,77.6913986,1,,0.0,,2.3259382
gb_sample,347123,139.1889954,195.4889984,45.9737016,1,,0.0,,9.0663261
gb_sample,35386,157.8650056,146.7480011,200.0899963,1,,0.0,,4.5669999
gb_sample,199028,116.0339966,194.9589996,144.7980042,1,,0.0,,29.901785
gb_sample,13754,9.52946,154.6660004,135.8269959,1,,0.0,,3.9406866
gb_sample,404658,33.8732986,130.2400055,68.2294006,1,,0.0,,17.9156342
gb_sample,131097,13.4506998,78.3786011,86.3423004,1,,0.0,,-15.1778536
gb_sample,78851,124.7170029,74.0914993,66.7601013,1,,0.0,,32.3768883
gb_sample,209435,83.1958008,192.5050049,192.8139954,1,,0.0,,-7.0026202
gb_sample,12576,0.481422,196.5809937,165.2169953,1,,0.0,,9.0202789
gb_sample,67727,87.3891983,126.7669983,15.7566004,1,,0.0,,28.7236405
gb_sample,406966,10.2439003,167.8430024,25.1403999,1,,0.0,,-4.6502977
gb_sample,414298,152.0839996,132.6940003,130.5630036,1,,0.0,,53.5621453
gb_sample,63477,17.2975998,87.5224991,22.5065995,1,,0.0,,-2.1088474
gb_sample,131659,33.862301,108.3740006,102.012001,1,,0.0,,20.9833794
gb_sample,316279,10.2053003,88.7149964,148.3040009,1,,0.0,,17.1747513
gb_sample,315460,1.51076,116.0360031,36.0225983,1,,0.0,,4.6966868
gb_sample,212802,131.5319977,96.2853012,124.4660034,1,,0.0,,34.829094
gb_sample,445026,8.9625902,115.9940034,46.459301,1,,0.0,,-14.6056633
gb_sample,78554,93.7482987,95.1647034,31.066,1,,0.0,,31.7710839
gb_sample,27641,158.5579987,3.5316301,46.483799,1,,0.0,,-4.5707455
gb_sample,290463,84.9469986,168.6909943,145.3809967,1,,0.0,,0.6183824
gb_sample,411463,195.878006,107.0319977,157.9909974,1,,0.0,,3.3203654
gb_sample,449734,190.8070069,167.4559937,45.7417984,1,,0.0,,18.4233608
gb_sample,286066,47.7081986,160.1179962,156.2709961,1,,0.0,,-2.759162
gb_sample,217034,178.4440003,69.8815994,145.6580048,1,,0.0,,29.0134525
gb_sample,33512,165.7140045,140.5529938,195.7209931,1,,0.0,,-7.7943163
gb_sample,317356,187.2680054,68.9441986,158.375,1,,0.0,,13.5863047
gb_sample,375017,102.098999,159.5529938,19.0683994,1,,0.0,,16.7245369
gb_sample,217319,121.8399964,50.3745003,102.699997,1,,0.0,,28.8771192
gb_sample,52998,28.5386009,100.1240006,156.7720032,1,,0.0,,-14.834096
gb_sample,412066,163.602005,134.1779938,151.625,1,,0.0,,6.0531502
gb_sample,210919,59.948002,18.1469002,189.3359985,1,,0.0,,-0.9047382
gb_sample,2389,34.1445007,167.2449951,154.7649994,1,,0.0,,29.9958612
gb_sample,399546,32.950901,141.1329956,11.3154001,1,,0.0,,-1.5795293
gb_sample,299208,172.6049958,62.8538018,60.1822014,1,,0.0,,42.3393059
gb_sample,410187,10.3827,178.3220062,89.1172028,1,,0.0,,25.346777
gb_sample,203127,104.0690002,199.9380036,147.9089966,1,,0.0,,25.7679806
gb_sample,91354,105.1900024,33.6151009,13.3811998,1,,0.0,,16.1352139
gb_sample,157000,149.6139984,197.0970001,63.7089005,1,,0.0,,29.9466972
gb_sample,149764,9.0423098,73.5253983,110.9459992,1,,0.0,,-8.7700825
gb_sample,360169,73.9304962,114.8690034,61.5845986,1,,0.0,,20.7233372
gb_sample,174564,78.5649033,21.4335003,83.9969026,1,,0.0,,-13.7525215
gb_sample,77978,110.5510025,87.3031006,64.2085037,1,,0.0,,45.1253891
gb_sample,408696,7.17838,143.1549988,19.3495999,1,,0.0,,-7.3905373
gb_sample,175512,109.098999,193.1399994,60.6306992,1,,0.0,,18.0241661
gb_sample,126676,14.9796,48.4264984,83.0008011,1,,0.0,,18.6449013
gb_sample,418097,22.2684994,102.3990021,126.1640015,1,,0.0,,-0.4543545
gb_sample,259161,82.1597977,156.4309998,185.526001,1,,0.0,,-14.4676304
gb_sample,347309,97.930397,169.7290039,94.3853989,1,,0.0,,3.2458313
gb_sample,235042,144.9660034,19.5671005,177.022995,1,,0.0,,13.9492912
gb_sample,96775,126.5220032,8.1496296,22.3880005,1,,0.0,,31.2843781
gb_sample,347983,141.7870026,193.4080048,93.5914002,1,,0.0,,21.0460205
gb_sample,356467,156.0919952,179.1269989,73.0050964,1,,0.0,,22.3991699
gb_sample,147876,10.7449999,89.251503,143.4929962,1,,0.0,,14.5303107
gb_sample,143271,171.2779999,46.1827011,56.9135018,1,,0.0,,6.4918847
gb_sample,79399,134.2350006,85.490799,58.3263016,1,,0.0,,19.9437714
gb_sample,163253,176.5039978,11.0867996,130.8170014,1,,0.0,,21.5510445
gb_sample,430300,172.8190003,186.0809937,119.953003,1,,0.0,,34.6925278
gb_sample,214989,189.2420044,80.5282974,152.3939972,1,,0.0,,22.3420849
gb_sample,131980,140.2350006,91.3591995,86.8584976,1,,0.0,,-1.1454948
gb_sample,303690,22.2789993,62.3408013,65.3324967,1,,0.0,,7.697042
gb_sample,449990,196.4129944,143.8150025,27.8999004,1,,0.0,,28.362627
gb_sample,268922,111.1330032,115.2509995,179.2669983,1,,0.0,,11.1551828
gb_sample,126970,54.0695992,96.6149979,113.4929962,1,,0.0,,15.9211254
gb_sample,291433,95.8644028,175.2089996,157.970993,1,,0.0,,14.9954844
gb_sample,341684,63.2673988,26.0939999,8.0284004,1,,0.0,,18.1466427
gb_sample,155011,1.51466,44.7675019,77.1828995,1,,0.0,,-5.7824412
gb_sample,253332,95.0748978,92.6015015,102.1230011,1,,0.0,,-11.3750687
gb_sample,186387,119.7890015,37.7932015,156.7640076,1,,0.0,,-1.1283218
gb_sample,379923,65.9753036,199.5579987,196.1069946,1,,0.0,,18.9081918
gb_sample,83149,105.3960037,104.8949966,194.199997,1,,0.0,,34.7015114
gb_sample,451833,176.0650024,133.5679932,32.6461983,1,,0.0,,27.4274655
gb_sample,468071,119.3310013,124.362999,42.9942018,1,,0.0,,28.9672832
gb_sample,394673,42.0139999,20.8066006,52.8580018,1,,0.0,,4.6214304
gb_sample,182288,59.860901,190.3739929,88.1919022,1,,0.0,,5.7098313
gb_sample,98088,142.5950012,14.7390003,22.1541996,1,,0.0,,-0.0476832
gb_sample,272903,8.7328997,6.0461798,119.9229966,1,,0.0,,8.9155178
gb_sample,372487,139.9309998,97.0569992,70.7378006,1,,0.0,,21.181345
gb_sample,225757,104.3740006,55.5135002,133.8480072,1,,0.0,,27.2124405
gb_sample,411202,193.1080017,197.7449951,67.2666016,1,,0.0,,41.5739365
gb_sample,418356,150.9140016,102.5899964,86.6779022,1,,0.0,,12.5488587
gb_sample,373693,106.5049973,162.4299927,13.1771002,1,,0.0,,18.1374302
gb_sample,259077,81.2799988,148.0780029,183.0540009,1,,0.0,,2.5151608
gb_sample,145628,199.5540009,65.3126984,78.850502,1,,0.0,,16.2965717
gb_sample,457317,140.1759949,155.8009949,199.6710053,1,,0.0,,22.329195
gb_sample,311691,18.2751007,90.4886017,61.4724007,1,,0.0,,30.1412106
gb_sample,189029,101.4940033,55.4959984,141.7689972,1,,0.0,,13.4056807
gb_sample,228774,116.4489975,66.3421021,165.7369995,1,,0.0,,19.2529297
gb_sample,268073,110.3000031,157.5700073,185.378006,1,,0.0,,14.9349662
gb_sample,106144,61.5032997,24.8696996,45.8781014,1,,0.0,,10.0968504
gb_sample,92707,160.9450074,62.3033981,30.4265995,1,,0.0,,0.9976672
gb_sample,75887,-0.223836,121.052002,3.4056301,1,,0.0,,3.8126922
gb_sample,387574,66.7567978,135.7319947,26.5863991,1,,0.0,,28.9453316
gb_sample,75628,48.6711006,112.1589966,70.3772965,1,,0.0,,18.6545906
gb_sample,404575,22.8176995,133.6979981,31.0468006,1,,0.0,,0.795967
gb_sample,263810,94.2043991,151.9360046,187.9170074,1,,0.0,,40.4905091
gb_sample,124257,65.8247986,91.5146027,116.6029969,1,,0.0,,-3.1677811
gb_sample,212803,130.0379944,95.0158997,122.2440033,1,,0.0,,36.5085144
gb_sample,367306,98.0746994,104.6729965,79.5046005,1,,0.0,,20.7787037
gb_sample,582,40.5950012,169.828003,171.5659943,1,,0.0,,40.9701042
gb_sample,51695,20.5568009,90.2490006,155.0930023,1,,0.0,,37.666256
gb_sample,323497,1.01952,18.1497002,124.6579972,1,,0.0,,-3.952522
gb_sample,179482,65.5635987,4.4721499,99.9770966,1,,0.0,,11.606659
gb_sample,290766,98.206398,186.2369995,141.621994,1,,0.0,,17.7523442
gb_sample,445193,180.4089966,124.1490021,35.1442986,1,,0.0,,12.4973212
gb_sample,363363,85.1020966,111.3399964,84.0094986,1,,0.0,,16.5271263
gb_sample,365885,147.1369934,146.4349976,111.0680008,1,,0.0,,2.2352929
gb_sample,117001,21.5790997,19.6530991,80.6278992,1,,0.0,,-10.8045731
gb_sample,181972,75.4952011,176.9680024,82.2057037,1,,0.0,,2.080467
gb_sample,329861,158.177002,23.1793995,181.7449951,1,,0.0,,3.4319017
gb_sample,257147,79.7707978,88.9020004,162.8939972,1,,0.0,,0.1481639
gb_sample,6743,9.01052,197.0950012,186.0,1,,0.0,,5.0145626
gb_sample,246228,45.2820015,109.9830018,163.4479981,1,,0.0,,38.8507234
gb_sample,101896,82.5902024,22.0487995,43.1169014,1,,0.0,,37.7719231
gb_sample,21989,195.8500062,183.0130005,127.5820008,1,,0.0,,36.7320214
gb_sample,311413,1.70462,78.8618012,180.7310028,1,,0.0,,-14.3746348
gb_sample,293449,169.3589935,32.2145004,18.862301,1,,0.0,,53.219574
gb_sample,226268,134.9559938,19.6163998,115.612999,1,,0.0,,32.7219353
gb_sample,353275,112.9380036,158.9640046,114.2979965,1,,0.0,,40.5021324
gb_sample,118765,27.9230004,32.1067009,109.2979965,1,,0.0,,5.6776328
gb_sample,50143,29.5056,82.8915024,164.9400024,1,,0.0,,29.3434563
gb_sample,298244,162.9779968,62.9294014,45.8993988,1,,0.0,,-11.1158314
gb_sample,128923,13.0879002,61.3213005,106.8229981,1,,0.0,,2.0117147
gb_sample,134492,119.2320023,54.4135018,93.9312974,1,,0.0,,35.4791832
gb_sample,339319,30.5809002,199.2599945,159.7910004,1,,0.0,,20.0292206
gb_sample,196457,110.2009964,13.2754002,128.8350067,1,,0.0,,37.7988587
gb_sample,180382,68.4595032,199.5729981,95.4453964,1,,0.0,,49.6421547
gb_sample,335468,196.348999,-1.50726,150.9600068,1,,0.0,,15.1700335
gb_sample,408359,7.2484598,161.4909973,28.6539002,1,,0.0,,-9.0844584
gb_sample,292263,115.2910004,185.1470032,153.0420074,1,,0.0,,33.0640106
gb_sample,470425,111.4629975,105.8949966,36.9355012,1,,0.0,,35.0049362
gb_sample,448056,166.9019928,157.1549988,39.9000016,1,,0.0,,12.3519974
gb_sample,116484,52.0126991,49.8796006,134.3549957,1,,0.0,,24.7647019
gb_sample,226916,155.4170075,68.844597,177.1889954,1,,0.0,,22.754839
gb_sample,5791,22.6938992,171.048996,144.9559938,1,,0.0,,7.4893985
gb_sample,128839,23.6135006,69.6979981,140.2220001,1,,0.0,,24.814848
gb_sample,214753,166.5310059,71.1931992,131.3990021,1,,0.0,,12.983552
gb_sample,272784,9.6653099,198.8950044,97.0470963,1,,0.0,,18.4176788
gb_sample,228355,158.776001,59.1049995,180.6439972,1,,0.0,,-8.5098267
gb_sample,235044,142.6690064,17.849701,178.0789948,1,,0.0,,29.1334343
gb_sample,361776,154.5910034,161.0829926,56.0929985,1,,0.0,,-30.2050457
gb_sample,369077,141.227005,126.4670029,56.5856018,1,,0.0,,14.897977
gb_sample,3463,30.1765995,158.0780029,153.3040009,1,,0.0,,6.909185
gb_sample,194440,124.4120026,185.1230011,190.3240051,1,,0.0,,15.0720463
gb_sample,448346,167.6490021,178.0390015,51.3973007,1,,0.0,,35.221035
gb_sample,369192,150.324997,129.8359986,78.8426972,1,,0.0,,16.7031231
gb_sample,3200,27.9118004,177.326004,152.2940064,1,,0.0,,25.2064304
gb_sample,410451,3.4635799,137.0200043,31.3215008,1,,0.0,,34.4966088
gb_sample,343768,23.6714993,22.9092008,29.2693005,1,,0.0,,0.717848
gb_sample,449733,188.6450043,167.0399933,47.4861985,1,,0.0,,-8.2391548
gb_sample,5290,4.16359,182.6759949,33.7151985,1,,0.0,,-3.9489634
gb_sample,468643,133.9069978,87.9992982,55.950901,1,,0.0,,4.4690323
gb_sample,80209,98.4005966,109.9710008,4.48031,1,,0.0,,24.3154564
gb_sample,212941,146.4029999,108.8460008,144.5959931,1,,0.0,,1.0853136
gb_sample,455312,169.7559967,116.0070038,45.5449982,1,,0.0,,23.4784966
gb_sample,354843,95.9860002,144.828003,95.6867981,1,,0.0,,34.09869
gb_sample,438072,188.6300049,185.4900055,107.413002,1,,0.0,,-10.3413019
gb_sample,93611,137.4589997,99.6175003,176.6959992,1,,0.0,,44.2486267
gb_sample,311607,178.4589997,93.7114029,193.1009979,1,,0.0,,11.604147
gb_sample,228557,110.2080002,35.2714996,129.1040039,1,,0.0,,-7.108933
gb_sample,195683,98.6456986,13.8604002,18.1228008,1,,0.0,,17.3950634
gb_sample,331950,154.828003,28.0028992,202.2100067,1,,0.0,,18.8231774
gb_sample,471035,94.020401,113.6299973,35.4028015,1,,0.0,,-14.4097576
gb_sample,61716,64.3559036,124.663002,179.9889984,1,,0.0,,0.3974212
gb_sample,136398,172.1990051,91.6697998,115.8740006,1,,0.0,,23.3275471
gb_sample,205571,68.901001,32.2332001,6.4452801,1,,0.0,,48.0760956
gb_sample,209743,53.6278992,43.3875008,180.3820038,1,,0.0,,36.1294098
gb_sample,709,39.1539002,149.880005,190.5879975,1,,0.0,,24.8112431
gb_sample,177516,100.5569992,189.5870056,55.5724983,1,,0.0,,21.0976334
gb_sample,59972,47.5391007,118.3219986,169.2779999,1,,0.0,,-22.5466748
gb_sample,246383,48.7445984,135.4029999,169.0079956,1,,0.0,,13.7595978
gb_sample,461505,162.227005,87.2309036,62.5763016,1,,0.0,,22.1909676
gb_sample,380712,87.5473023,164.2209931,58.4239006,1,,0.0,,7.1283741
gb_sample,306703,28.4906998,67.4800034,40.2542992,1,,0.0,,-7.398592
gb_sample,205489,64.0323029,36.1585007,3.14831,1,,0.0,,8.2178335
gb_sample,454242,158.2079926,118.2490006,157.2209931,1,,0.0,,9.3712235
gb_sample,348498,110.1790009,172.2949982,105.0360031,1,,0.0,,6.2869806
gb_sample,417298,151.2700043,115.8440018,100.2020035,1,,0.0,,6.94619
gb_sample,66506,18.8735008,122.026001,161.3919983,1,,0.0,,26.195116
gb_sample,210229,67.0294037,4.8856502,200.7310028,1,,0.0,,5.8346687
gb_sample,180660,77.846901,188.5059967,79.447197,1,,0.0,,-0.810174
gb_sample,259959,114.4749985,87.4026032,100.2939987,1,,0.0,,28.7922402
gb_sample,133803,133.2980042,56.5368996,61.8925018,1,,0.0,,15.5295601
gb_sample,266445,106.711998,96.3275986,167.7810059,1,,0.0,,27.2009392
gb_sample,379302,90.4340973,164.5590058,53.4258003,1,,0.0,,-6.7817979
gb_sample,162772,7.1196699,35.7039986,124.8570024,1,,0.0,,19.8407136
gb_sample,162412,189.4519959,24.2285004,135.2779999,1,,0.0,,-9.2918434
gb_sample,215753,166.6190033,68.3468018,130.8350067,1,,0.0,,5.1414604
gb_sample,42317,138.3970032,154.5110016,188.904007,1,,0.0,,-0.0044079
gb_sample,76268,40.3437996,130.7630005,30.6546002,1,,0.0,,2.190712
gb_sample,416794,18.7833004,102.4209976,131.4819947,1,,0.0,,6.9247762
gb_sample,349474,85.0915985,150.7290039,92.0466995,1,,0.0,,25.3605156
gb_sample,438251,38.3041,116.4489975,83.558403,1,,0.0,,22.1033039
gb_sample,453523,153.8139954,153.4290009,18.6329994,1,,0.0,,20.5717716
gb_sample,369817,135.6390076,118.8499986,57.5583,1,,0.0,,3.1871038
gb_sample,411460,175.0919952,102.4970017,141.0209961,1,,0.0,,14.8966026
gb_sample,101117,102.1419983,35.4161987,91.5626984,1,,0.0,,-5.8717442
gb_sample,183256,36.6907997,0.675021,83.921898,1,,0.0,,30.6465302
gb_sample,277060,29.0898991,164.6499939,103.6620026,1,,0.0,,34.8147774
gb_sample,365998,151.8919984,145.8000031,82.016098,1,,0.0,,12.1583252
gb_sample,131558,16.6665993,88.6369019,132.779007,1,,0.0,,21.9602718
gb_sample,16629,188.7350006,5.97018,187.0729981,1,,0.0,,23.7138596
gb_sample,301172,28.8789998,44.0875015,23.7481003,1,,0.0,,13.7158966
gb_sample,234343,125.4860001,2.35094,139.5370026,1,,0.0,,21.1827335
gb_sample,75246,21.3999996,136.0690002,195.3919983,1,,0.0,,3.5246001
gb_sample,314181,-0.251431,93.6430969,175.5050049,1,,0.0,,12.8697758
gb_sample,309894,180.4909973,96.5294037,60.1296997,1,,0.0,,-8.3862505
gb_sample,208326,48.9175988,69.1986008,166.4920044,1,,0.0,,18.3915672
gb_sample,385882,71.8471986,137.1600037,26.5888996,1,,0.0,,53.6795922
gb_sample,290787,84.6252976,187.7010041,164.5659943,1,,0.0,,-0.8914988
gb_sample,290312,89.8784028,191.2599945,153.154007,1,,0.0,,17.8561708
gb_sample,300818,181.3600006,56.5200997,0.847766,1,,0.0,,6.1163387
gb_sample,290575,85.2795029,173.4320069,149.5720063,1,,0.0,,10.1389256
gb_sample,214310,131.2539978,98.9589006,136.9100038,1,,0.0,,19.1099434
gb_sample,315065,193.6080017,117.836998,38.0303001,1,,0.0,,-6.8445722
gb_sample,296400,16.1940994,37.4803009,71.8066025,1,,0.0,,45.5794831
gb_sample,212025,151.2250061,102.2549973,123.3239975,1,,0.0,,19.2659245
gb_sample,233731,127.4079971,18.9472008,153.9889984,1,,0.0,,23.0747929
gb_sample,173244,113.5130005,195.3289948,54.2545014,1,,0.0,,16.6616745
gb_sample,272735,7.9561602,189.9980012,99.9945984,1,,0.0,,30.997364
gb_sample,291161,82.5081024,183.2859955,174.845993,1,,0.0,,12.0624485
gb_sample,292477,173.8760072,15.3108997,43.4104004,1,,0.0,,-0.5432564
gb_sample,296099,193.5709992,36.5191994,14.0948,1,,0.0,,10.6511755
gb_sample,314276,185.3679962,99.9776994,179.6609955,1,,0.0,,10.8472768
gb_sample,44469,62.646801,59.7192993,191.8399964,1,,0.0,,3.519469
gb_sample,173250,113.5950012,-1.35481,45.2792015,1,,0.0,,22.4445381
gb_sample,106961,80.0944977,47.5984001,36.0349998,1,,0.0,,2.406492
gb_sample,365611,136.9250032,139.1990051,118.5339966,1,,0.0,,14.1231737
gb_sample,173190,121.0,182.5420075,106.487999,1,,0.0,,30.6998291
gb_sample,447109,166.9360046,164.2209931,47.8279991,1,,0.0,,23.5101452
gb_sample,251044,61.0511017,154.7669983,178.3399964,1,,0.0,,21.8820592
gb_sample,302588,25.862301,48.5928002,18.0716991,1,,0.0,,17.1545086
gb_sample,365939,146.6109925,141.9839936,57.4147987,1,,0.0,,-11.1404629
gb_sample,44248,65.4775009,38.5919991,28.1009998,1,,0.0,,19.1425457
gb_sample,378305,92.0317993,137.949997,19.3372994,1,,0.0,,23.6499081
gb_sample,221090,180.1589966,60.8227997,159.2380066,1,,0.0,,19.1951523
gb_sample,178880,76.1905975,1.2195701,69.3772965,1,,0.0,,10.6275139
gb_sample,168111,129.8379975,198.2400055,109.7710037,1,,0.0,,-8.639926
gb_sample,224849,124.074997,85.9312974,174.2489929,1,,0.0,,27.3777981
gb_sample,79502,97.3595963,91.7385025,19.9095002,1,,0.0,,5.9782376
gb_sample,31876,160.9380036,13.2577,173.9179994,1,,0.0,,35.2466889
gb_sample,339327,186.5740052,28.6513996,18.4458008,1,,0.0,,12.3089514
gb_sample,171972,122.967003,183.5099945,108.5110016,1,,0.0,,12.7670784
gb_sample,3195,26.1872997,176.2250061,159.0529938,1,,0.0,,37.3317871
gb_sample,448011,5.8015399,160.3459931,62.0998001,1,,0.0,,3.6141141
gb_sample,143272,173.9799958,45.7591019,57.5786019,1,,0.0,,6.6346903
gb_sample,429168,24.4526997,132.095993,113.0729981,1,,0.0,,23.0463619
gb_sample,356731,96.4052963,138.4660034,98.3299027,1,,0.0,,6.1700559
gb_sample,226451,140.2899933,14.5460997,116.4909973,1,,0.0,,8.8184319
gb_sample,78149,113.4690018,83.7390976,63.9095002,1,,0.0,,17.6356373
gb_sample,156546,186.9629974,47.3722,142.2089996,1,,0.0,,9.9408408
gb_sample,408212,6.3835902,172.1920013,29.6555004,1,,0.0,,24.1682587
gb_sample,44385,87.459198,53.7403984,20.8945008,1,,0.0,,21.4212933
gb_sample,210691,50.8834,41.1571999,173.9579926,1,,0.0,,17.8159485
gb_sample,71763,82.3141022,127.6320038,39.808899,1,,0.0,,42.9094276
gb_sample,225256,154.5850067,23.1103993,123.487999,1,,0.0,,4.37502
gb_sample,18349,201.1920013,144.371994,143.4730072,1,,0.0,,1.0474159
gb_sample,93063,116.7340012,91.6091995,175.7910004,1,,0.0,,9.3857536
gb_sample,320106,174.6410065,51.7290993,166.1119995,1,,0.0,,8.515687
gb_sample,158655,149.5720063,1.07203,116.1849976,1,,0.0,,-6.8449392
gb_sample,238098,50.7881012,112.2350006,91.5479965,1,,0.0,,4.0334606
gb_sample,394234,34.142601,149.4880066,192.7039948,1,,0.0,,9.9553672
gb_sample,212193,160.3040009,113.0709991,146.3289948,1,,0.0,,-4.4657965
gb_sample,470065,99.4120026,136.2109985,17.3283997,1,,0.0,,40.4594498
gb_sample,94074,159.6909943,58.3386002,24.909401,1,,0.0,,7.7833028
gb_sample,448006,163.7259979,152.3170014,33.3574982,1,,0.0,,40.4275513
gb_sample,257102,109.7720032,168.8300019,124.3339996,1,,0.0,,-2.6587219
gb_sample,450526,181.6340027,113.348999,160.4069977,1,,0.0,,10.2817526
gb_sample,169829,99.0733032,28.1467991,74.3825989,1,,0.0,,67.3379746
gb_sample,293030,159.5829926,28.7040005,22.7574005,1,,0.0,,0.4594555
gb_sample,178704,68.1908035,11.3905001,65.8871002,1,,0.0,,7.1075192
gb_sample,184155,105.5419998,79.8414994,177.7619934,1,,0.0,,7.9284626
gb_sample,140614,194.779007,81.3871002,92.7469025,1,,0.0,,23.1634941
gb_sample,159403,179.4279938,27.7250996,135.1959992,1,,0.0,,23.3763676
gb_sample,235403,23.2730999,139.9810028,130.6269989,1,,0.0,,25.9497872
gb_sample,460091,165.0540009,88.5150986,40.9385986,1,,0.0,,1.22639
gb_sample,345643,46.6459008,196.1320038,195.7449951,1,,0.0,,9.1199083
gb_sample,93909,152.6560059,36.8773004,38.7128983,1,,0.0,,21.9070722
gb_sample,286995,73.3146973,165.0350037,115.6460037,1,,0.0,,23.4866047
gb_sample,283176,35.8246994,153.8009949,143.2680054,1,,0.0,,28.144928
gb_sample,41488,129.9349976,8.38163,10.6543999,1,,0.0,,12.868826
gb_sample,153465,10.2832003,64.3457031,112.5169983,1,,0.0,,-5.1177082
gb_sample,470750,106.6380005,108.8610002,41.2336998,1,,0.0,,41.0806656
gb_sample,181940,79.9580002,166.5460053,112.2399979,1,,0.0,,22.3593807
gb_sample,98522,152.1880035,100.4459992,167.2189942,1,,0.0,,4.1157026
gb_sample,231692,143.7749939,54.5287018,183.876999,1,,0.0,,23.0713978
gb_sample,162927,160.4900055,-1.71811,125.578003,1,,0.0,,-7.7085953
gb_sample,164713,5.6746803,13.0281,81.6159973,1,,0.0,,-1.2750629
gb_sample,340363,-0.504292,1.32928,179.2920075,1,,0.0,,10.6947842
gb_sample,286874,73.2089996,9.6298704,151.0130005,1,,0.0,,-5.9717432
