atom_id,delta_e_kj_mol,pe_eV,bulk_reference_pe_eV,x_A,y_A,z_A,first_neighbor_count
41710,-3.9907880936985665,-274146.708345758,-274146.666984154,52.46928687322183,83.4540307710949,50.25132874375868,14
35465,-0.13270872223776653,-274146.668359583,-274146.666984154,44.343498091977196,30.24615000183019,34.107756165027844,11
57482,1.278830872996745,-274146.653730006,-274146.666984154,73.5839164054954,35.68920077016754,21.106222539128996,11
7819,-2.48221841422964,-274146.692710535,-274146.666984154,8.879848145313495,65.4962759637089,61.63725804244976,13
51195,0.5741360666370626,-274146.661033653,-274146.666984154,63.20918225017555,70.02091469766695,82.54538773137783,13
51055,6.612736287614436,-274146.598447972,-274146.666984154,65.64467464941865,74.84268960919995,3.811475384766494,11
64116,1.688171051390373,-274146.649487494,-274146.666984154,80.0346998909599,87.78568364906243,20.08376969802771,14
34963,0.15832982786180805,-274146.665343181,-274146.666984154,41.55170476008034,96.15433830288313,73.74943323038494,13
40178,3.0255901343440543,-274146.635626122,-274146.666984154,52.591090027330466,84.3902787070687,6.856210707065751,11
15549,9.201737331504477,-274146.571614867,-274146.666984154,20.244281033300204,75.50163004775008,88.72670095046335,10
65498,-2.023773758202511,-274146.687959091,-274146.666984154,82.27220780928127,19.39663353616965,95.08581298177403,13
41844,4.207939343620006,-274146.623371936,-274146.666984154,51.207149688931025,32.64558051561413,14.396953347789994,11
39326,-3.3929712517480675,-274146.702149823,-274146.666984154,47.80041709187684,61.018860812443,8.233059561509746,13
45647,-0.6235350064922712,-274146.673446639,-274146.666984154,57.65994633772359,26.34291960182155,13.924599947025834,13
16018,1.2618291968293305,-274146.653906216,-274146.666984154,19.589452835504222,28.68152053841454,40.80745920161682,13
58340,-1.9114412926621969,-274146.686794847,-274146.666984154,74.55593987294004,25.699242711668685,41.96258081297796,13
76020,7.117861700262692,-274146.593212716,-274146.666984154,96.57375123265298,79.91718808413255,11.75621112471901,11
26250,-1.6051707938390205,-274146.683620577,-274146.666984154,33.10011147201999,49.856465036233516,83.50149710576005,13
23578,-0.4536814567848079,-274146.671686231,-274146.666984154,31.80130245560936,54.53891767403279,14.533749456858024,10
61026,5.692999507735991,-274146.607980372,-274146.666984154,76.62911851892467,50.376171400238256,92.05559434039694,11
53958,-2.3116306100466995,-274146.690942517,-274146.666984154,68.04121512031355,48.396850380726306,84.84291011863975,13
33513,-0.4788585355512156,-274146.671947173,-274146.666984154,41.887469439807546,20.23640518994338,16.396349459291617,11
73692,-1.263412994836134,-274146.680078507,-274146.666984154,92.30689555805803,90.12817330947865,14.175290005566705,13
30467,-1.2692082917193082,-274146.680138571,-274146.666984154,37.21220969932671,40.9854056911418,6.620535445808483,13
34562,-2.7955842445544556,-274146.695958343,-274146.666984154,44.34845466594216,4.1558816648658246,74.52928908555627,13
76737,1.6570760519466854,-274146.649809771,-274146.666984154,95.05381342491897,59.582202412774286,46.88837838588179,11
55957,0.28622460862130245,-274146.664017645,-274146.666984154,69.60884442997083,37.29102301447309,62.14226919092793,13
17133,1.2820775112050136,-274146.653696357,-274146.666984154,22.468511320778216,26.496894945836907,14.498552841592138,11
11716,0.4551010543762836,-274146.662267364,-274146.666984154,13.905130539872697,85.80188809560721,94.80371283644273,13
33296,-0.6494039824631503,-274146.673714752,-274146.666984154,40.23313923320354,90.3859939331328,70.81544819744236,13
6347,3.268781608964497,-274146.63310562,-274146.666984154,6.483345864126669,50.945980847792576,49.835942145876935,11
63248,-0.9828793849171715,-274146.677170981,-274146.666984154,80.07457406162276,64.3740146149494,10.111431838472171,13
9925,1.7132396816148652,-274146.649227676,-274146.666984154,12.623010716917214,19.93774020845428,26.991002648341993,13
17779,4.215209995584254,-274146.623296581,-274146.666984154,22.01623025554724,41.700833778464144,53.44846468076589,10
77204,-1.735624465963393,-274146.684972634,-274146.666984154,96.33333969244158,0.2309662346808139,55.22633912833883,13
38505,1.61363140880221,-274146.650260043,-274146.666984154,45.69227571190555,72.84436208422161,81.27810510029556,13
64029,6.383659460926593,-274146.600822186,-274146.666984154,79.30114771709763,18.72074400213945,56.72439477356381,11
48353,1.590471933442638,-274146.650500074,-274146.666984154,56.34326174893165,31.4159430595558,16.968988469988535,13
49015,2.5325136186633106,-274146.6407365,-274146.666984154,60.56058748149375,29.41422270007957,84.34787941697859,13
70454,3.563541595210303,-274146.630050648,-274146.666984154,87.91610466603096,71.13127889061808,85.05358051775204,11
15260,-0.9726397814202875,-274146.677064855,-274146.666984154,18.87369603379118,90.76080757688052,55.9058772709874,13
35372,-0.9443598331781069,-274146.676771754,-274146.666984154,43.91985417264095,49.91604051575664,73.19299941287332,13
35162,4.356035931123096,-274146.621837023,-274146.666984154,42.797497684238046,35.65755670711391,54.20646150703193,11
55902,-4.889836008762517,-274146.717663733,-274146.666984154,69.89311303497934,33.776962180740185,41.22353828266722,13
59269,1.617268613398382,-274146.650222346,-274146.666984154,74.42250981947832,77.33829176072196,61.846502005452365,11
68959,1.2784118381645655,-274146.653734349,-274146.666984154,85.282313562558,69.84899237662587,71.35277474653141,13
78026,2.3802777058836506,-274146.642314314,-274146.666984154,97.219202216114,13.50833930587819,46.16077777642213,11
65088,-1.5187866104249657,-274146.682725268,-274146.666984154,80.20762625223254,57.94957690921486,18.145203934949613,13
27075,-0.34963621209669987,-274146.670607878,-274146.666984154,34.39878190445968,22.427368532391984,27.100776036284635,13
33252,1.8361188661396912,-274146.647954123,-274146.666984154,43.72026620718497,32.538238973241896,88.18724021088173,11
244,1.200480923743072,-274146.654542046,-274146.666984154,1.1897084587070539,76.97783212828882,86.47314114497617,11
54949,-1.1399797904607476,-274146.678799212,-274146.666984154,69.64271589405132,89.10149200647403,55.65550436560169,13
60132,0.4987049950061493,-274146.661815441,-274146.666984154,74.61329911191595,71.55335426046074,66.22040706118561,13
61593,-0.5082187289925005,-274146.67225147,-274146.666984154,77.93873549028189,40.05057364604205,41.9497528032222,13
23105,7.158998411291149,-274146.592786364,-274146.666984154,28.78336522668411,59.85285301886244,69.82810502319707,11
35057,0.9787901503990347,-274146.656839709,-274146.666984154,43.174909820183345,82.10647041246206,43.88816587485747,11
70267,0.6123619143394621,-274146.66063747,-274146.666984154,90.08294516665336,12.718212613328948,50.78277423007397,13
9847,2.243340613748285,-274146.643733567,-274146.666984154,11.75857335088504,49.94415261397276,42.77892648650263,11
35051,0.6511111961462143,-274146.660235862,-274146.666984154,41.78799489220701,28.29198953374193,65.10912523940387,13
39855,0.12593815789476717,-274146.665678897,-274146.666984154,49.04212337110228,37.58926365264862,55.30287092554725,13
47156,-1.1958926574465598,-274146.679378708,-274146.666984154,57.87786210676824,75.76485091720492,84.33421187524291,13
7587,0.2622142362297001,-274146.664266495,-274146.666984154,11.652898259563445,82.88603014089657,80.16706436934626,13
33535,-0.5813027012297509,-274146.673008932,-274146.666984154,41.67447430726265,8.263991949413601,20.506121774929785,13
76729,-3.595762387117462,-274146.704251605,-274146.666984154,96.19991902466575,0.03933080885560303,18.41098029333578,13
52987,6.580334581523916,-274146.598783792,-274146.666984154,66.40830354095124,5.689263314359703,20.085928190394043,10
8976,0.6871202006451447,-274146.659862655,-274146.666984154,11.117661405420813,12.577380855448485,19.31230027950713,13
65937,-0.2990685384237221,-274146.670083781,-274146.666984154,83.42719123685336,70.29466606332126,83.89174371825294,11
62515,-3.982159509859582,-274146.708256329,-274146.666984154,75.2590322895111,54.7558429821832,81.03824645620543,14
43464,-1.1957851692723642,-274146.679377594,-274146.666984154,54.661827148227914,2.0502396546186246,13.41332179516346,13
72546,0.06708268490247755,-274146.666288891,-274146.666984154,90.74030743366404,56.88194665174381,54.172663458088856,13
65261,0.308704727718614,-274146.663784655,-274146.666984154,81.18996047962294,73.93652144137364,71.99573577803739,13
52894,-5.878704628680388,-274146.727912634,-274146.666984154,66.26920589190684,32.947656657535866,43.5395493497861,14
36244,1.627437104754524,-274146.650116957,-274146.666984154,45.125115550301324,40.66770091618493,13.43727022831875,11
9095,-0.11684489086789683,-274146.668195166,-274146.666984154,11.370321410141754,95.87337019632984,87.95704248520218,13
62957,3.4880653638318218,-274146.630832904,-274146.666984154,79.19157021291464,24.916338575775548,84.04202795956655,11
16486,6.273616781606962,-274146.601962698,-274146.666984154,20.34402568932716,1.3660962946294999,77.29344880845862,11
57254,0.5550070804953462,-274146.661231911,-274146.666984154,72.35520351471415,30.792337593813887,18.89597604101835,13
41011,-1.5548160634552848,-274146.683098687,-274146.666984154,51.68805160906817,89.57308092515615,45.518151309076536,13
24815,-0.41213728588247717,-274146.671255656,-274146.666984154,31.348093292651306,22.188112028770494,16.12676037913642,13
8575,-1.159714128388452,-274146.679003744,-274146.666984154,11.956422974930089,86.12760191670596,31.912238532753243,13
23597,-1.8168370355097185,-274146.685814343,-274146.666984154,29.41469614083201,74.6989247343883,79.07787688310242,11
70900,0.4845540665152503,-274146.661962105,-274146.666984154,88.52232940387223,18.298987031361733,58.65571740112043,13
44158,-1.7333389199627594,-274146.684948946,-274146.666984154,55.26588098156884,53.34176791370935,14.299756449158119,13
70567,0.5881919524208237,-274146.660887974,-274146.666984154,89.08538266194455,69.61502213188095,23.92773542516463,13
3877,-0.06152984997950885,-274146.667621866,-274146.666984154,6.1690367558430355,93.00360919370499,20.151310332521117,13
73283,2.5119625301113877,-274146.640949497,-274146.666984154,92.1912705654876,97.32236219963238,44.70011539087808,11
40551,2.8415444614250838,-274146.637533621,-274146.666984154,50.56300131337966,89.72433259714424,77.54450170987629,11
5534,0.6567223046098828,-274146.660177707,-274146.666984154,6.726320572660791,87.80759578612611,11.343866543709481,13
24366,-0.3264248319507799,-274146.670367309,-274146.666984154,32.19567663405512,74.9979848024574,97.46445050676873,13
17720,2.5120092286937816,-274146.640949013,-274146.666984154,20.91364333512763,78.20415118748289,20.6993994991682,11
52161,-0.4580907408657687,-274146.67173193,-274146.666984154,65.38153452340367,21.339606953683603,1.0161068928212955,13
7752,-1.9345758658552823,-274146.68703462,-274146.666984154,11.137750076051214,15.683203263148068,19.77904609897882,13
42768,2.4175772985770427,-274146.641927731,-274146.666984154,52.81926198269278,86.92529484444867,76.09411024502953,11
43607,4.8153017689448,-274146.617077068,-274146.666984154,53.16193767150678,80.61504234929826,1.8998939629532743,9
8301,-2.4099974025908644,-274146.691962017,-274146.666984154,10.451907023034176,12.08047199288959,16.888075031031125,13
70440,2.555412289600849,-274146.640499172,-274146.666984154,87.29356114973633,72.98468185271167,88.18476735813655,11
32341,5.6871313633107565,-274146.608041191,-274146.666984154,39.7873777271791,20.406698658000234,83.17578027246843,11
43490,1.8274896982174151,-274146.648043558,-274146.666984154,54.723185691055356,9.179071033782071,96.52539091077135,11
46766,-0.3081003363003458,-274146.670177389,-274146.666984154,56.21391160390544,18.18139902195231,14.54491725911408,13
45579,0.816586631602216,-274146.65852083,-274146.666984154,58.092021925822586,84.85517151496714,44.03060765531085,11
6218,2.695004467126257,-274146.639052401,-274146.666984154,6.972496539966025,70.85948463551482,68.74003184569177,11
14762,4.855613147817602,-274146.61665927,-274146.666984154,15.830444385548487,44.71728973705243,54.384366287135414,11
36223,-0.07891814997260906,-274146.667802083,-274146.666984154,44.47584833791273,65.53262919320288,83.45556204505546,13
48053,8.160388030345457,-274146.582407692,-274146.666984154,61.882377443347245,73.35688255516882,12.906473129074648,8
37522,-0.517427290691405,-274146.67234691,-274146.666984154,45.98665399585701,39.35916121160393,77.7626902204106,13
48663,2.47861314888038,-274146.641295139,-274146.666984154,60.39573157075238,24.60367579562332,74.1260986841933,11
60999,0.6690936492514247,-274146.660049487,-274146.666984154,72.41631977683403,56.48558487974239,66.05299046917736,13
24411,1.0875936633185994,-274146.65571204,-274146.666984154,33.4079945966541,87.9605897976883,24.232701327061953,13
31149,2.080308477327296,-274146.645423276,-274146.666984154,39.01737755284318,47.97035907949525,81.1036063413739,13
60063,4.2520411478616635,-274146.622914853,-274146.666984154,74.73823322830134,53.0001413714229,20.062205316233868,11
43886,1.3660762872241416,-274146.652825771,-274146.666984154,54.30860231582799,78.13299120963823,84.15666903981727,11
74738,-2.676097679747479,-274146.694719952,-274146.666984154,94.52696416974895,55.82170874006926,50.33311154274252,13
25920,2.4345522529338703,-274146.641751798,-274146.666984154,32.960791523534176,32.44325201342759,51.32014799566014,11
67606,6.3351999909648615,-274146.601324433,-274146.666984154,82.99718488302885,57.677485435494305,57.511382505849525,11
72926,3.393914978710151,-274146.631808704,-274146.666984154,90.45391003097656,72.2057312165868,95.88786648329622,11
19793,-2.6604676333312245,-274146.694557958,-274146.666984154,24.39144885427529,84.41445945713471,73.39175215285206,13
29115,2.221221351417607,-274146.643962817,-274146.666984154,36.80555278521449,68.32465355340887,42.172170657089396,11
51870,-0.8775976752142204,-274146.676079813,-274146.666984154,63.620828851877526,39.65462036909195,74.37291352786107,13
73117,-1.9687899543184533,-274146.687389224,-274146.666984154,90.75080026039178,10.177604361459064,22.853682462903688,13
23628,-0.12391099574021831,-274146.668268401,-274146.666984154,29.681309887675557,88.29832789038797,1.5866923415812788,13
38089,0.37981846907368205,-274146.663047613,-274146.666984154,46.043880521001505,28.041829451801206,70.35540083918447,13
24717,1.3943683945079197,-274146.652532544,-274146.666984154,30.41720080736785,32.028664041527726,19.259480684470304,13
72541,4.690980903987131,-274146.618365563,-274146.666984154,89.51711128348873,73.13617638553211,81.3081974121231,10
42840,-0.8628144821764396,-274146.675926596,-274146.666984154,53.67865384602081,81.00136573680113,65.24676190508671,13
35410,-1.7762606119948348,-274146.685393798,-274146.666984154,43.70551842689576,26.860907611743492,1.9835661170930214,13
46059,0.7239668872916349,-274146.659480766,-274146.666984154,57.695606186070364,84.54517611679708,40.46442746844538,11
35471,0.5597717174811546,-274146.661182529,-274146.666984154,49.329710913076696,5.957711196280473,76.58560996915121,13
52452,0.2503388176159546,-274146.664389575,-274146.666984154,67.56468394839844,75.45949096452735,69.30687483867922,13
31839,0.4393722080247948,-274146.662430382,-274146.666984154,38.96421705266388,77.63336090467212,77.51373584969348,13
12360,-1.713099580251498,-274146.68473918,-274146.666984154,15.056211799037888,21.225490447385784,33.52054923425145,13
10040,-4.033662222255682,-274146.708790117,-274146.666984154,13.057898382722646,59.55281510681486,20.983210938014643,13
63809,3.15663844257249,-274146.634267902,-274146.666984154,79.8700546881572,17.764988117725427,19.23375922301742,11
31178,-0.5932033028192576,-274146.673132273,-274146.666984154,38.24516792442389,39.4845503717975,4.760646083401458,13
4534,0.3237825851607796,-274146.663628384,-274146.666984154,6.625425151307311,96.67305902488184,23.230680409470875,13
14730,4.453451577724138,-274146.620827381,-274146.666984154,18.645197054925323,93.69284449475813,77.01635575860838,11
31403,-0.41757954372922784,-274146.671312061,-274146.666984154,38.617053155461925,42.61839320903468,7.915398961032961,13
76105,-0.32053498096860583,-274146.670306265,-274146.666984154,95.309125790667,7.307768455772074,76.64795800098722,13
55938,2.5455048834760157,-274146.640601855,-274146.666984154,69.0751385784457,45.28245011288902,61.42405006220919,11
4582,-0.41147202062962474,-274146.671248761,-274146.666984154,5.517854798395687,92.71019460005323,39.03552079013885,13
55835,1.9260358604939305,-274146.647022199,-274146.666984154,68.68472440978657,67.07699896257579,37.70575795970502,11
29714,0.27865320992377823,-274146.664096117,-274146.666984154,36.27943414635995,58.95800880293588,83.49070314024208,11
68616,2.4645176072108366,-274146.641441229,-274146.666984154,83.96204473222305,84.68475812751574,52.60010814120089,11
16602,-1.1064691797765394,-274146.678451899,-274146.666984154,23.589215237265616,74.81594952763768,74.12007586984952,13
72691,0.5661045338619038,-274146.661116894,-274146.666984154,91.06745132200565,58.98326767814829,23.83748944878027,11
38231,4.515030350295497,-274146.620189162,-274146.666984154,46.450961259519865,17.416180543855493,16.49149313987206,11
28945,2.917507166791173,-274146.636746323,-274146.666984154,36.56089772282615,66.81854091245414,44.178231602991616,11
40444,0.10140666526723623,-274146.665933148,-274146.666984154,48.866645514726684,27.57814599213734,62.59645311526739,13
29682,2.339395329431536,-274146.64273803,-274146.666984154,37.494941161474436,71.693312217702,41.71269845350243,11
31033,7.702101514869506,-274146.587157497,-274146.666984154,39.43538815630369,11.535333691963105,74.70855162169741,11
76980,1.3233948443751868,-274146.653268133,-274146.666984154,95.7340947143247,12.709469089671133,64.06450780823144,11
54733,1.9695386873201377,-274146.646571324,-274146.666984154,69.15650807222977,69.01025847005495,39.26625092828137,11
70840,-1.4738095854518969,-274146.682259114,-274146.666984154,91.1513578179846,17.376444094873523,37.163586475949046,13
77341,2.969676497940829,-274146.636205626,-274146.666984154,95.95909101719147,77.3945139359785,4.453553288743424,11
60068,0.25033225791129604,-274146.664389643,-274146.666984154,76.79831053847296,86.76553089352976,38.00994473169784,11
38790,-1.590404393195871,-274146.683467534,-274146.666984154,48.99515850720048,28.295456593775874,25.09100268302762,13
66421,-1.2966447619104977,-274146.68042293,-274146.666984154,84.17883460606772,20.620637235658798,40.60621042789222,13
39969,6.305557477494911,-274146.601631656,-274146.666984154,49.15435796842086,40.21427241885455,61.06097834644781,11
59104,4.299989241669301,-274146.622417906,-274146.666984154,73.95584117271338,1.329402728683699,61.689278179783,11
35913,-4.3735774406565096,-274146.71231309,-274146.666984154,45.35619957994479,96.69916319326774,18.104291723159143,15
20114,0.9917341381622397,-274146.656705554,-274146.666984154,24.553000231604997,45.13734824770796,58.415831168979054,13
58582,-1.4305045550626505,-274146.681810289,-274146.666984154,72.98915214079243,24.061349193486087,45.76702490943532,13
62328,-0.8669316066717464,-274146.675969267,-274146.666984154,75.76423415084935,60.41024911449032,12.584921798760718,13
37902,-1.1121466659365775,-274146.678510742,-274146.666984154,47.989011878038916,26.633564931081217,14.760554685998928,13
57204,0.8339198311994213,-274146.658341184,-274146.666984154,72.23391780307591,32.0377700078647,73.78547376455592,13
61467,6.913786637494833,-274146.595327805,-274146.666984154,76.83267146600846,43.23889000706613,1.9250813877166764,10
71190,0.20284671314105684,-274146.664881796,-274146.666984154,90.10383912926763,25.42912734402082,54.5149919531298,13
65927,-1.0704285336885282,-274146.678078364,-274146.666984154,79.50977194215103,34.62883834970228,14.805028379123199,13
63367,-2.2362448834974757,-274146.690161199,-274146.666984154,81.57158609649716,79.68245856916795,15.521484998930342,13
36093,2.4702101447480023,-274146.64138223,-274146.666984154,44.21763431725523,27.51793812058104,4.341296822221628,13
75427,0.769319814792279,-274146.659010716,-274146.666984154,96.2485922080516,52.33308090009258,38.40372992225063,11
7662,-1.0514269057852899,-274146.677881426,-274146.666984154,9.659610051506032,68.81915789077715,26.50044496414438,13
29246,3.8447672989002295,-274146.627135949,-274146.666984154,33.73410784621259,65.07663228091106,5.990458300944981,11
32225,-0.920381107991771,-274146.676523232,-274146.666984154,41.76226390760434,16.27412075198513,75.91427117364499,14
56510,2.020463162873821,-274146.646043529,-274146.666984154,70.29145191087406,43.372571395438996,60.413601983201715,11
15272,4.49982628593288,-274146.620346741,-274146.666984154,19.72197908023717,28.49402914489684,25.044730329700876,11
70609,-2.400790581909463,-274146.691866595,-274146.666984154,88.3961729484438,75.67433397178112,10.693819759003002,13
36439,-0.3593357856610924,-274146.670708407,-274146.666984154,41.59034372415186,74.46436322454154,81.54571364893202,13
26135,4.366679905591831,-274146.621726706,-274146.666984154,33.72262211315204,87.68616955255132,71.0267621782608,13
47587,0.8074876753794389,-274146.658615134,-274146.666984154,59.18578539343414,10.200944807141793,17.588190127513382,13
148,0.5171913884358581,-274146.661623843,-274146.666984154,0.3727513824063433,79.84161267198701,84.64546284617606,11
51361,8.640347461809844,-274146.577433263,-274146.666984154,60.77833234871996,89.41451153001174,16.0779198205007,11
55788,5.206101329637762,-274146.613026716,-274146.666984154,67.2169663283691,79.80926026485676,61.592037372334545,11
68369,0.7156341247912473,-274146.659567129,-274146.666984154,80.1186233437046,88.07685312799202,26.74681054760346,11
1415,-0.7299534096747405,-274146.674549588,-274146.666984154,2.297752765097039,83.04565634081854,96.45912390610974,13
20548,-1.2255400906950047,-274146.679685982,-274146.666984154,25.712765120254932,46.90469038563341,59.854384654976656,13
9473,1.2789066128743354,-274146.653729221,-274146.666984154,12.60203650632115,6.481393376414613,89.24159772228704,13
12848,1.5640821348936615,-274146.650773585,-274146.666984154,14.699566965723324,85.8157835650493,78.79364964806781,13
2844,-2.948082977966742,-274146.697538881,-274146.666984154,4.1696927694300285,61.21692142760752,29.520063295011266,13
53571,-0.42026984260232636,-274146.671339944,-274146.666984154,67.20326794317535,72.23000044424084,72.61400404655316,13
11806,2.6427366280830125,-274146.639594119,-274146.666984154,12.99201712974104,58.90347719893746,27.405839688916107,11
58182,-2.728021645369029,-274146.695258106,-274146.666984154,73.21003118816165,61.309707618504866,66.3688200074318,13
16490,4.92236092834662,-274146.615967478,-274146.666984154,22.64246560920542,28.762233162664124,22.583038243301782,11
41040,5.694178361920023,-274146.607968154,-274146.666984154,51.960179337936076,95.95360015986468,12.025622512302402,11
51703,0.8454649787927413,-274146.658221527,-274146.666984154,65.10610814368272,85.4484354591079,56.796831061690256,11
54713,-3.296026454906585,-274146.701145061,-274146.666984154,68.91608658496155,11.77823669880113,20.79582135261841,13
57987,3.724913699522575,-274146.628378144,-274146.666984154,72.45540106559538,43.10718670257903,30.97357395207024,11
74679,0.2407662203894266,-274146.664488788,-274146.666984154,93.63698203861854,81.95710722185966,64.27285357100756,13
68006,-0.8119611187634985,-274146.675399538,-274146.666984154,85.80277272280365,20.813679419142552,88.85805439588137,13
67514,0.060063952554809404,-274146.666361635,-274146.666984154,84.8615648833342,17.325980505215668,72.84586424338583,13
19489,3.8624066480011576,-274146.62695313,-274146.666984154,23.325392105156812,32.52558432726484,33.781890607698536,10
31618,-1.6451912711517191,-274146.68403536,-274146.666984154,38.39739080946761,49.87783318896942,82.73508952910016,13
57715,-0.1518320191835762,-274146.668557782,-274146.666984154,70.89642670902494,43.860063144744444,72.76106848138738,13
76940,-2.7363704252304495,-274146.695344635,-274146.666984154,96.07630163743539,76.6536784136046,72.95023492975719,14
23064,-2.188455407616784,-274146.689665896,-274146.666984154,28.844455082746816,85.7237556552627,45.58839385312323,13
17464,-2.929701848701773,-274146.697348374,-274146.666984154,21.945029982123007,93.51103706670644,74.37256862711136,13
78041,0.21001557174320137,-274146.664807496,-274146.666984154,0.08877014461445087,8.930100184847436,29.551745074099983,13
53307,0.42370453316572143,-274146.662592766,-274146.666984154,65.89872794077593,48.03634226239586,64.7360813259514,11
23909,0.782997770605501,-274146.658868954,-274146.666984154,29.833542516491526,33.29396940113474,31.901738791244284,11
70311,3.387246685105022,-274146.631877816,-274146.666984154,86.44581943250472,85.95866001643645,50.024111444207904,13
8221,0.25789217150948224,-274146.66431129,-274146.666984154,10.161380946040856,71.85158676274955,22.394332659395094,11
55450,-2.779005366063503,-274146.695786515,-274146.666984154,69.28980564829757,46.94715150693948,82.87862549728541,13
24932,3.9295450960094187,-274146.626257289,-274146.666984154,31.448723773159152,45.08098972234117,63.18893287877459,11
50854,7.794149874083975,-274146.586203483,-274146.666984154,65.72886544881493,30.866853348223962,44.9359632794756,10
71,6.0132971374731925,-274146.604660721,-274146.666984154,0.5382070170117388,89.4941158626435,55.539818909870284,10
30681,3.0158949975662033,-274146.635726605,-274146.666984154,37.863590553854436,54.00082793358151,80.74786629190999,11
70529,-1.0174468943173798,-274146.677529248,-274146.666984154,89.67950391278436,64.74015808754946,31.999796249556965,13
76825,-3.083363812070043,-274146.698940968,-274146.666984154,96.7461697894089,16.554646040483078,55.74546863134196,13
50606,-4.916170718147969,-274146.717936673,-274146.666984154,63.66328249808375,69.86086677129784,94.8884558954372,13
36826,0.5799568329214583,-274146.660973325,-274146.666984154,45.904477559791125,87.14734442318591,27.411923430795795,11
27912,2.3895234130334213,-274146.642218489,-274146.666984154,35.05553502032043,84.0661037278834,53.52120063021904,11
67910,-1.5993896834404076,-274146.68356066,-274146.666984154,87.08477142436718,57.42297235375486,31.30756719197938,13
37438,2.748697592956885,-274146.638495911,-274146.666984154,42.18285350011237,72.73664966873935,86.29244787757793,11
8345,-1.7880534333684999,-274146.685516022,-274146.666984154,10.264542515997217,72.92553133582773,20.05050044846221,13
35726,1.1147928833697232,-274146.65543014,-274146.666984154,46.22068898935739,84.89136950428961,26.554182128018248,11
44295,0.4351742273069114,-274146.662473891,-274146.666984154,56.55981950940226,29.042268378061255,82.8993860750136,13
61618,5.665367262934619,-274146.60826676,-274146.666984154,77.74182388876075,54.228798168726826,17.289044809583846,11
24754,3.4433906300430404,-274146.631295925,-274146.666984154,30.17048227545613,14.58165876604055,64.74787757237713,11
37063,-1.2958016713763059,-274146.680414192,-274146.666984154,46.567775139651644,88.29285600034441,97.50379033458167,13
54174,2.894926512357309,-274146.636980355,-274146.666984154,65.09514623970031,57.12283409091707,69.53089984199242,10
13915,5.2847309873938455,-274146.612211777,-274146.666984154,17.758381605385228,21.628523193482202,14.836217804272612,11
76416,0.10582550247972457,-274146.66588735,-274146.666984154,95.5714985466371,10.584061837943343,54.28952082454723,13
70997,2.3323592318383164,-274146.642810954,-274146.666984154,87.77390666009386,70.62534480084366,87.52925230885452,11
9913,0.9542739000989381,-274146.657093802,-274146.666984154,11.69819122902341,91.61423354466427,93.09135257189271,13
59272,1.48196945368181,-274146.651624623,-274146.666984154,66.49505146757599,76.04183555166193,8.126475822659108,11
57164,2.434737985804387,-274146.641749873,-274146.666984154,71.28819013875759,66.36515322551064,52.22878089296519,11
21699,1.960053213979199,-274146.646669634,-274146.666984154,28.611457249660404,91.5885624651248,24.871910802190243,11
30392,-1.409642402844696,-274146.681594068,-274146.666984154,37.56588667752769,67.57731835953199,8.639738559981797,13
45966,-0.6813541360074737,-274146.674045892,-274146.666984154,57.51377448359306,86.08077867626743,35.14863383739591,13
48664,0.8619423559632368,-274146.658050751,-274146.666984154,62.6924154308814,36.60144606292077,49.390197456560394,13
41181,0.4057374178630988,-274146.662778982,-274146.666984154,51.14053173172517,85.57132424411954,88.1926724009599,13
59522,1.9771635352550212,-274146.646492298,-274146.666984154,75.67079449659398,46.158124449431845,14.416648029087295,11
46048,0.8199650648355041,-274146.658485815,-274146.666984154,58.99175226617274,28.931442434222394,34.70871983329079,13
36119,1.4410353577774688,-274146.652048875,-274146.666984154,43.153660297031294,73.04101883243325,79.55931306631818,13
15156,3.748365907318721,-274146.628135079,-274146.666984154,18.55578100403026,37.63051754985577,45.366343567304135,11
77410,6.529232477255385,-274146.599313428,-274146.666984154,0.8373592843225255,51.70868524759207,37.94820917869303,11
32952,2.8966389378605126,-274146.636962607,-274146.666984154,40.71639204174981,59.3919962680898,91.52775239255914,11
24169,-4.668411240428282,-274146.715368827,-274146.666984154,30.14565407301138,73.65145172300727,14.285261928372037,13
24550,2.718845797950635,-274146.638805303,-274146.666984154,28.985656940963157,81.0762591561529,72.64349805797964,11
48695,-1.5106873408365475,-274146.682641325,-274146.666984154,60.44758124003074,31.773583347210312,72.98099145927974,13
27286,-2.0256609144688458,-274146.68797865,-274146.666984154,34.80950912229821,23.92124754403586,18.228438732914494,13
51009,2.2135445874640043,-274146.644042381,-274146.666984154,62.23644019453242,25.587472919598074,70.2558059700523,13
30266,-0.843127522389574,-274146.675722555,-274146.666984154,39.17622916596386,27.960850446216025,13.728716434525763,11
31724,2.8341330341552093,-274146.637610435,-274146.666984154,39.828347764337565,4.637979211137108,73.29011739989805,13
27497,-1.6740652770308566,-274146.684334618,-274146.666984154,36.383805971734496,35.33914052721806,6.6202512358288965,13
27144,1.1531202323925802,-274146.655032905,-274146.666984154,33.3336942258612,62.0436395372299,84.58382255001952,13
46342,2.1157740709500668,-274146.645055701,-274146.666984154,58.74225445408512,91.07805327475961,63.80624958433766,11
52740,2.7797351837524387,-274146.638174229,-274146.666984154,66.33563900552575,32.61532597843478,46.60013155752943,13
15741,-5.284716604342791,-274146.721756382,-274146.666984154,18.812368695894968,83.71087185100421,27.30540321807038,13
11128,1.5536027708217954,-274146.650882196,-274146.666984154,14.21289832361752,80.24470945309922,13.923276667616332,13
28061,0.2643006322926685,-274146.664244871,-274146.666984154,34.97130133101059,31.333372456261436,41.544849156414195,11
72831,-1.5995481104170461,-274146.683562302,-274146.666984154,90.97218125207762,10.424999784532622,20.323658136321676,13
30346,3.7528116629082886,-274146.628089002,-274146.666984154,36.89251875535562,92.69092081218095,21.04448857265144,11
58396,1.816763233216124,-274146.64815473,-274146.666984154,73.30831605703906,67.81822925416054,51.8588996516108,11
52311,1.463893889837272,-274146.651811963,-274146.666984154,64.28469202496652,25.580919477911873,0.08025334548917584,13
70768,-2.28989381556444,-274146.690717231,-274146.666984154,89.28560212884832,88.86510714356655,26.046255164302632,14
19944,-0.17345042447559328,-274146.668781841,-274146.666984154,24.09289701651964,82.66178067530834,19.069124201057864,13
53839,5.231078775474551,-274146.612767843,-274146.666984154,68.51986389501863,94.0392014225999,58.95687128467279,11
76886,3.3743273973256254,-274146.632011715,-274146.666984154,94.6236378178073,58.08760874807823,53.74091198157542,11
51846,4.240481240932862,-274146.623034663,-274146.666984154,64.60036550500661,89.81730793196431,64.46573659936452,11
54052,-0.7424961153681168,-274146.674679584,-274146.666984154,66.10053757895516,24.13863695990892,62.821203472237976,13
45817,0.5994118498635511,-274146.660771688,-274146.666984154,57.41241312065711,34.81838800832332,81.8234569242537,13
59763,0.2276511636160331,-274146.664624716,-274146.666984154,74.69751488016367,51.57832080805181,14.193960379039552,13
39064,-0.6793922002312679,-274146.674025558,-274146.666984154,48.93021180083651,8.424598553434327,92.77344104113085,11
65369,2.652794452503968,-274146.639489877,-274146.666984154,82.47605678417952,78.22959808951684,57.231392109629624,11
30318,2.770418561028418,-274146.638270789,-274146.666984154,37.85049321043092,84.15354813133634,59.52870291208164,11
8995,-4.232469477130647,-274146.710850609,-274146.666984154,12.26486666766006,91.72856885344379,62.33282809493341,13
38801,0.7931097238222611,-274146.658764151,-274146.666984154,48.4169518453487,85.0674787526131,31.929720014767028,11
33528,2.2760813633409755,-274146.643394233,-274146.666984154,41.89602231204663,60.860279683300014,67.94383806177424,11
59500,-1.4511267501391303,-274146.682024023,-274146.666984154,75.03242076471281,88.63458890167169,34.415023118019285,13
71619,-2.5916727251082214,-274146.693844949,-274146.666984154,89.00946693810069,6.082260760684518,19.85467744059851,13
59913,2.650297024673151,-274146.639515761,-274146.666984154,73.89809069826144,65.77253082634527,88.78419477323578,11
17036,-0.9953329392819945,-274146.677300053,-274146.666984154,20.973582391236224,59.3888624283836,62.79135225867091,11
31005,-0.1250880190477786,-274146.6682806,-274146.666984154,40.24478911535978,36.00719771873372,54.53659635279743,13
16124,-0.00925448524770005,-274146.66708007,-274146.666984154,19.795459710747984,78.05594164678718,81.4928580751894,13
32535,1.7466421301826183,-274146.648881484,-274146.666984154,39.373947605711564,49.738741735931306,65.75769221932863,11
56241,5.3130518439311745,-274146.611918252,-274146.666984154,69.00742132468496,34.75254730073321,87.39618644954835,11
3015,2.3229321331294166,-274146.642908659,-274146.666984154,0.5628262893501719,84.28189274255676,29.149473603703377,11
33086,3.5274787539572143,-274146.630424413,-274146.666984154,40.67517543860354,29.624295351175242,87.7760026706445,11
70238,-4.267297403436089,-274146.711211575,-274146.666984154,89.04997688829634,55.45487137286945,34.836377930117195,14
22649,0.9637718189069344,-274146.656995363,-274146.666984154,28.25175987132103,76.87938197203614,80.12303594977053,11
28935,-2.3354381707476937,-274146.691189265,-274146.666984154,34.5000329527027,81.58945505468441,54.14047729521943,13
7508,-0.5268840091626074,-274146.672444922,-274146.666984154,9.160746853622884,91.2918457527625,40.27617162921549,13
47010,0.47334411533703513,-274146.662078288,-274146.666984154,59.98125715867399,84.7496801969901,45.68908720800015,11
46643,2.1610009937129373,-274146.644586957,-274146.666984154,58.41430864570885,92.5009410183368,12.062336677329322,11
11762,-1.3752019652575058,-274146.681237118,-274146.666984154,13.153910930022905,2.8804096226432723,64.64258788673838,13
46397,7.467183855266491,-274146.589592247,-274146.666984154,57.50406927551075,91.65659784694077,16.492294848871946,11
60629,-2.611663037538433,-274146.694052134,-274146.666984154,75.2385822536603,56.266683275408134,87.03364624180578,13
33648,-0.18873350856813018,-274146.668940239,-274146.666984154,41.561346593831246,17.622615437581658,16.23943786517058,11
19502,-1.2840987763647922,-274146.6802929,-274146.666984154,23.805973309528504,75.59365639053651,88.34874666929812,13
43555,-0.41147192515447134,-274146.67124876,-274146.666984154,51.66376974319229,3.3513765512502767,72.16905135338165,13
31984,1.6616687550297389,-274146.649762171,-274146.666984154,39.19680686681391,6.916611096349504,73.46667025835518,13
69992,-0.7320819720584081,-274146.674571649,-274146.666984154,87.47730921714198,75.92499162834758,93.35446060191259,13
15176,2.4762147119351043,-274146.641319997,-274146.666984154,18.07653468856448,91.14331970761124,67.05111163918446,11
21554,0.03758518695820218,-274146.666594611,-274146.666984154,27.837548280660304,96.53934795214101,23.829334651492402,11
25823,1.6442618317655362,-274146.649942581,-274146.666984154,32.09365264458988,26.35486244565585,10.746073604327439,11
61680,3.3134300983184586,-274146.632642871,-274146.666984154,77.05385709071933,59.02931654154638,1.6917212505174632,11
21367,4.308498767991969,-274146.622329711,-274146.666984154,23.906640837018568,95.58961410919787,24.397228669408104,11
40565,-0.8903210985244662,-274146.676211682,-274146.666984154,51.22312734140773,4.745856587796731,14.03646566739943,13
71858,-0.4512633407255563,-274146.671661169,-274146.666984154,89.76998547925524,18.76437965116542,64.95003291070114,13
49940,-2.109995656320492,-274146.688852718,-274146.666984154,62.69310042848245,21.238257715971102,69.98998764911063,13
62667,-0.856220193047583,-274146.675858251,-274146.666984154,79.35061364515576,27.942867321589993,88.44332826768634,13
19602,1.336843642971642,-274146.653128746,-274146.666984154,23.631257516615474,26.35630474780327,5.441464448022046,11
4032,4.281943881670356,-274146.622604933,-274146.666984154,6.015794512366149,95.88976245420307,19.53008036257035,13
20078,0.6331848038046184,-274146.660421656,-274146.666984154,25.403009734566076,49.6793164720084,21.688722471221563,11
10911,-0.33148635735042936,-274146.670419768,-274146.666984154,13.256968416331635,91.49358339628539,50.66480470800108,13
68397,-0.5064085706293067,-274146.672232709,-274146.666984154,85.42432528360038,66.02578081946282,57.07362788965068,13
48401,3.611300097827988,-274146.629555666,-274146.666984154,61.19131799853356,91.39100271472496,19.682760742857145,11
28326,6.281815912589673,-274146.60187772,-274146.666984154,37.90330440246652,8.428410282539385,19.8227313132399,10
42459,3.4961550802887125,-274146.63074906,-274146.666984154,52.01012810144696,94.56990280946847,6.8447307658421455,11
38871,1.5295297723457344,-274146.651131695,-274146.666984154,46.85214983738467,64.33962886469934,74.37785239776281,11
5989,0.6085121539708472,-274146.66067737,-274146.666984154,9.290019237737518,94.23196692091662,59.92022917687838,11
59824,-0.7340555782680732,-274146.674592104,-274146.666984154,75.07559179532807,57.75547772189438,95.69164786899344,13
28626,-0.42323165034701243,-274146.671370641,-274146.666984154,35.138115208357384,33.70106472670154,94.38476214345097,14
42101,1.019532335628814,-274146.656417446,-274146.666984154,51.75960402709505,24.65394648353137,74.35736209474761,11
23227,-0.03933667864771148,-274146.66739185,-274146.666984154,29.083121709058766,89.82883406754411,97.41372816902549,13
22167,6.026079221840937,-274146.604528244,-274146.666984154,26.52443094701955,28.303539967008994,13.513771470234586,11
7213,3.3843605161465873,-274146.631907729,-274146.666984154,7.921627339892668,8.711549626565741,20.080736298059755,11
23722,2.827484908272194,-274146.637679338,-274146.666984154,28.807358869013925,79.49019147657215,74.61445116860085,11
72487,3.015475479742071,-274146.635730953,-274146.666984154,90.32286574164614,51.01996954523854,47.984730279458134,11
39904,-1.4112587241817032,-274146.68161082,-274146.666984154,49.94509919612341,19.796824993310924,1.2179443258460012,13
393,-1.0455082044582262,-274146.677820083,-274146.666984154,0.9679723543566834,82.15810537584542,92.24975150479274,13
29206,3.151354229801764,-274146.634322669,-274146.666984154,34.031470504616614,25.394252013957303,68.17673206037905,11
72273,2.989825725955818,-274146.635996794,-274146.666984154,90.63268166040373,96.0794169560767,16.907169427125034,11
12804,8.057655271359057,-274146.583472442,-274146.666984154,15.935879790172658,66.31254896091228,19.565032318558536,11
821,2.000151935988219,-274146.64625404,-274146.666984154,1.6778305229616965,12.805517883465201,91.0139904783075,13
29675,-0.07247755899220387,-274146.667735331,-274146.666984154,36.186298121200075,20.044466864015618,74.68626784466099,13
29321,1.6172138106603184,-274146.650222914,-274146.666984154,38.27217639761996,33.148543004020226,9.502451421630356,11
34027,5.81998607267429,-274146.606664249,-274146.666984154,43.25829068695288,75.87609277131952,9.224776304469483,10
20871,0.6409202231995345,-274146.660341484,-274146.666984154,26.273262492316192,27.03975509533329,0.4011497108053088,11
34662,0.11112669297920284,-274146.665832407,-274146.666984154,44.36591285251212,83.95881156034727,72.09196410686864,11
49852,-1.7395568179559027,-274146.68501339,-274146.666984154,62.07276612233836,68.24157457571104,69.16598139968204,13
43071,4.930079465487937,-274146.615887481,-274146.666984154,54.563159838690716,47.814513872900086,71.70191383263628,11
42068,-0.887555930282529,-274146.676183023,-274146.666984154,51.24739864446238,38.761669409190496,14.31204222999476,11
53306,-0.8593601181152544,-274146.675890794,-274146.666984154,65.90471782737221,67.26522180057167,81.17554143191153,13
32555,3.1106278709827104,-274146.634744768,-274146.666984154,40.21957956886147,71.4334378947172,59.686357411858324,11
32335,2.2465643772330313,-274146.643700155,-274146.666984154,41.5132393640405,47.144154032552265,80.64715968096412,13
50004,6.022712846557908,-274146.604563134,-274146.666984154,62.791325874444695,35.306536109165116,51.312475671982064,11
51279,1.592014738911511,-274146.650484084,-274146.666984154,66.18388449076643,82.53265595037969,38.02065668844083,11
65072,0.19017751410176872,-274146.665013103,-274146.666984154,80.35973741647526,26.00081418768063,71.09153414528112,13
50387,0.9280479312970467,-274146.657365615,-274146.666984154,61.781158697760105,39.22328673686325,76.14899197696388,11
42387,0.13565557969666395,-274146.665578183,-274146.666984154,52.98454708270283,5.351334379191469,1.4207507121945475,13
72355,4.059295290354829,-274146.624912523,-274146.666984154,88.99389482533739,88.52005532105971,51.94757025741444,11
11818,2.6503465201159218,-274146.639515248,-274146.666984154,14.306013696466865,86.45782035841567,31.29151568934244,11
18953,6.158521551552102,-274146.603155576,-274146.666984154,22.474265864484554,95.83828396726436,75.00604211207082,10
31435,-1.3432532550728546,-274146.680905993,-274146.666984154,37.97920315493326,36.107906208266144,52.96089001797837,13
62368,-3.122013423432809,-274146.699341543,-274146.666984154,78.88013208210823,43.78277196053216,44.674275666242586,13
75601,-0.3310265040820696,-274146.670415002,-274146.666984154,96.6763548990825,52.93732581221442,44.91542864576717,13
64691,-1.542381615353517,-274146.682969813,-274146.666984154,81.01958173173063,60.92565958198205,0.34970609061539837,13
26018,0.13960289320733318,-274146.665537272,-274146.666984154,33.14215102220039,34.380801255137484,47.83129924418374,11
28696,-1.9716074204797231,-274146.687418425,-274146.666984154,36.08037220705861,55.40209494501893,94.11864540437921,13
12984,-3.0638458882342166,-274146.698738679,-274146.666984154,16.55597074815419,19.38220761059427,34.92191809219489,13
36145,-0.7385342334722726,-274146.674638522,-274146.666984154,42.47062289971951,32.26240597783227,62.08481112984937,13
5176,0.7845638214661391,-274146.658852723,-274146.666984154,5.366356787629118,85.25352727295707,96.42918769256319,13
68327,0.09410986434332198,-274146.666008774,-274146.666984154,86.88535476818122,21.35698298976845,31.748199975277764,13
11339,4.186744600897017,-274146.623591604,-274146.666984154,16.55999390999439,22.457267573111665,42.32532150171563,11
33650,-3.1464062636728305,-274146.699594357,-274146.666984154,43.49731861782772,56.543001679525375,70.84023329150806,13
76965,-0.7937542372697082,-274146.675210837,-274146.666984154,96.50937481517312,84.24373956570994,11.814094982781219,13
69454,4.908696002083747,-274146.616109105,-274146.666984154,87.44569020074812,26.479744961791706,43.27450645810887,11
68976,3.0535350827376226,-274146.635336493,-274146.666984154,86.59555009994745,51.79871240449216,33.85534333797092,11
18911,-1.4030692418056732,-274146.681525942,-274146.666984154,23.410854229942853,69.14481207099246,77.61793996780257,13
31524,-3.459532333422664,-274146.70283968,-274146.666984154,41.22029860023095,34.25172110542988,97.46698345844838,13
55219,-0.9184016160197066,-274146.676502716,-274146.666984154,70.21566402169894,39.72626833499309,29.576820847855767,13
6918,1.2272324495674334,-274146.654264786,-274146.666984154,7.593894746635179,49.453689732988,45.577284926457544,13
1207,1.4657842304807829,-274146.651792371,-274146.666984154,1.3851069163330159,11.843047112526078,59.88750146218128,13
56873,5.617790348442556,-274146.60875986,-274146.666984154,73.12675781141365,5.422840828542079,18.0690179922273,10
27902,0.5524783929760619,-274146.661258119,-274146.666984154,33.664758463737684,13.944462794499088,76.36652352298742,11
3472,1.8870542427094208,-274146.647426215,-274146.666984154,4.593058534520203,29.62236694700367,9.144370391899304,11
12602,3.20708647464586,-274146.633745045,-274146.666984154,15.89491996939075,75.68490268689781,18.777202807500693,11
61344,0.32197444862436414,-274146.663647124,-274146.666984154,76.9890132666227,28.87772510900536,85.63852106119326,13
67594,0.5050876887302829,-274146.661749289,-274146.666984154,82.09742274408546,87.95302424166904,28.407445236950718,11
30461,-1.9451562594880245,-274146.687144278,-274146.666984154,38.76820058764805,2.3066641575367033,22.028754771864975,13
24130,-3.9422765280001806,-274146.707842971,-274146.666984154,28.400050190418007,32.63137907827383,58.41847840041242,13
26599,0.3708426308693341,-274146.663140641,-274146.666984154,33.17881580803398,93.43488622366307,90.06892556483145,13
71356,3.0400476897144433,-274146.63547628,-274146.666984154,88.67711989888771,19.325340582770576,71.08528668906952,13
60049,2.966904955328355,-274146.636234351,-274146.666984154,75.98596096902658,53.657842865722095,97.14395297203981,11
37114,-1.078841090952434,-274146.678165554,-274146.666984154,45.272579687713794,41.53718748059078,76.66216363562116,13
69601,3.3987698284835712,-274146.631758387,-274146.666984154,87.31207860678552,2.0827116772391543,22.81418148985335,11
24410,3.208092333468078,-274146.63373462,-274146.666984154,30.39779152061836,87.28552471450823,32.975796398324086,11
34753,4.685614869009923,-274146.618421178,-274146.666984154,44.28606718314817,36.86256195776222,83.77446914721156,11
26644,-0.0035071449724706633,-274146.667020503,-274146.666984154,33.30317839871312,90.49506842708576,27.967996360887934,13
75257,0.2845655424964902,-274146.66403484,-274146.666984154,95.95111774931124,2.6962698279681527,25.850137735597443,13
18467,3.0753837067054652,-274146.635110048,-274146.666984154,23.811635171720482,39.5210928474602,22.476073576780173,11
70070,-0.2990470228170894,-274146.670083558,-274146.666984154,87.31330719010109,2.653449922509842,61.05361201126813,13
33106,1.2920948092314348,-274146.653592535,-274146.666984154,40.92668475375654,74.82032926256544,59.2572088786402,11
28388,1.2034998537104313,-274146.654510757,-274146.666984154,35.695855264652906,32.893149546762004,36.867177938198395,11
68292,0.3879545920713208,-274146.662963288,-274146.666984154,85.21254978378975,85.28881321114476,54.654791701805934,13
46825,-0.18878888977329988,-274146.668940813,-274146.666984154,57.848203150428674,52.74659392403361,70.89777804147307,13
21349,1.628751140523429,-274146.650103338,-274146.666984154,27.14303271409011,40.298775852731005,24.269103332528303,11
20061,-4.1972674791741005,-274146.710485766,-274146.666984154,29.067378198787885,73.44077463970565,83.93833306245364,13
64474,1.1389639011312347,-274146.655179625,-274146.666984154,81.56309473737478,25.139554882715462,22.970941552227632,13
33346,2.2379146596880277,-274146.643789803,-274146.666984154,41.600032723846226,89.84663569093424,29.98889378927021,11
66540,-1.1946906421135453,-274146.67936625,-274146.666984154,84.17820948982515,47.60425632401313,52.06717005455832,11
19570,2.841898370970259,-274146.637529953,-274146.666984154,23.28036041507642,30.20344982789794,38.95863603709944,11
23693,-0.6311841725103496,-274146.673525917,-274146.666984154,31.280796576137696,37.00349637701123,14.553485554904197,11
55867,1.6304417583783541,-274146.650085816,-274146.666984154,70.1958963273047,21.581625210486617,59.42083817106926,13
66631,-0.9096395859971669,-274146.676411904,-274146.666984154,81.54666840672382,63.26909555093717,88.29924885300055,13
67348,1.2547711006375255,-274146.653979368,-274146.666984154,84.02846188977709,95.90506680719193,18.93397384825974,11
29626,3.6640565393931435,-274146.629008884,-274146.666984154,37.67769062268098,52.75616944378962,8.479079195042766,11
33981,2.8434136683625755,-274146.637514248,-274146.666984154,41.44867572569403,86.8305071886725,13.264999707094978,11
22188,1.62103173287336,-274146.650183344,-274146.666984154,25.95160633320123,45.46805933966468,62.937227619838104,11
18020,-0.6674414292567313,-274146.673901697,-274146.666984154,22.769134999204198,72.17477746972564,87.81256249182421,11
60961,-1.4265740339466124,-274146.681769552,-274146.666984154,76.91210395724325,88.57695940916064,36.09126224249581,13
3518,2.7954896960716415,-274146.638010945,-274146.666984154,5.949019606972644,90.28570599076886,25.494641274878347,11
2635,4.90662021499518,-274146.616130619,-274146.666984154,3.315952833905044,91.26739162487641,55.53013101410945,11
31976,0.17390969927684705,-274146.665181707,-274146.666984154,40.353748128554805,92.82928338872124,64.96551138902046,13
44803,2.0162917130162175,-274146.646086763,-274146.666984154,54.18034609472887,47.58154555686797,74.13319869811896,11
12870,2.6847556980146448,-274146.639158622,-274146.666984154,16.242648064064436,17.09351251250209,33.82180433167952,11
55041,0.9222477146353786,-274146.65742573,-274146.666984154,68.74146348570903,35.114525034267956,69.6947012789281,13
2708,-0.9300780756460936,-274146.676623734,-274146.666984154,2.219801391619847,92.33005834082002,13.574870760580998,13
28685,0.7011749294946937,-274146.659716988,-274146.666984154,34.19020607405468,88.56209447570241,73.19438089701436,13
52727,5.121930226582894,-274146.613899088,-274146.666984154,67.06871132560364,84.48505573582122,43.07907647530069,11
15033,3.678535031903059,-274146.628858825,-274146.666984154,18.62978610447714,10.354187388211319,58.44769690639464,13
71573,-2.295362986172085,-274146.690773915,-274146.666984154,89.34028600265717,57.530998687860425,36.445972803206814,13
65016,1.0101699746901192,-274146.65651448,-274146.666984154,79.01152659745223,69.338776879616,89.15825605314588,13
30056,2.7647065353275835,-274146.63832999,-274146.666984154,37.62887081221584,69.53140829971503,95.04243865239482,11
56645,-1.0367638373390693,-274146.677729454,-274146.666984154,69.98805127403115,55.91320638311227,75.39326350714963,13
36759,-0.5591808386051882,-274146.672779655,-274146.666984154,44.60693234180062,14.042585381640707,19.530322713142528,13
27839,-1.214502455320158,-274146.679571585,-274146.666984154,33.39486899738661,0.7963407084689478,72.63557044167504,13
75098,-0.9317830653197013,-274146.676641405,-274146.666984154,94.64867813009424,94.51047097279674,49.374583482066264,13
70088,-4.721537608899645,-274146.715919443,-274146.666984154,88.84966315159284,53.09912009389828,48.82913955024374,14
57528,-0.46906585124749556,-274146.671845679,-274146.666984154,69.54848372625693,54.36835535433134,71.8873415498824,13
59154,1.94934150831339,-274146.646780653,-274146.666984154,74.30074968842077,66.54421843867756,42.79881749203504,11
73044,-0.525524437361706,-274146.672430831,-274146.666984154,92.86246288375217,8.665527656167214,48.73827379169573,14
39896,2.371371530844187,-274146.64240662,-274146.666984154,49.893343098694615,16.19221483456488,8.981703511165865,11
75618,4.745060254894274,-274146.61780507,-274146.666984154,94.49839691036071,12.42056527991071,55.57629915278271,11
1923,0.5683847725672445,-274146.661093261,-274146.666984154,3.110524665404715,82.5506758857457,90.53036819892435,13
75756,0.5000696831520369,-274146.661801297,-274146.666984154,96.26320188696666,96.90364810353338,20.86559970735557,13
69234,2.573374288558486,-274146.640313009,-274146.666984154,84.7306580820344,18.092702092299408,8.601086278893252,11
46880,4.581315963687731,-274146.61950216,-274146.666984154,58.843593374700575,88.15800502714184,66.72831858712895,11
23699,0.19752834273014827,-274146.664936917,-274146.666984154,30.42867103971622,52.02766417255148,12.352994240211716,11
69321,0.7232942873005256,-274146.659487737,-274146.666984154,87.23526891668241,26.30959908689183,54.54275497593139,13
13358,4.7368894912645,-274146.617889754,-274146.666984154,17.232680079611868,52.35470397754388,27.671085360536132,11
10146,-1.7802500862100175,-274146.685435146,-274146.666984154,14.314064647140874,78.25502035199528,90.37486383844106,14
20813,4.069937046430293,-274146.624802229,-274146.666984154,28.75270216335987,64.74605454085919,8.286235486506419,11
540,3.96365970497891,-274146.625903716,-274146.666984154,0.4864723435552267,78.42663795444255,15.324440336854591,11
13454,4.888636795906064,-274146.616317004,-274146.666984154,19.125373091908138,14.522410870268317,54.43743866072848,10
37167,-1.3712623683857073,-274146.681196287,-274146.666984154,45.322599606099836,70.43461806358279,94.92705158748157,13
72647,0.108512330550187,-274146.665859503,-274146.666984154,90.73033749302009,79.0940035336917,66.50164431894346,13
36752,5.878998040675407,-274146.606052633,-274146.666984154,43.84105799441686,82.13171372235972,5.6855463289175106,10
30663,-1.6960712665162792,-274146.684562694,-274146.666984154,36.485744694077866,73.2676094006116,7.934144924402236,13
2911,2.3589086199143288,-274146.642535789,-274146.666984154,4.022044006363723,10.748789072847908,79.79564992086722,11
49551,3.56425288510329,-274146.630043276,-274146.666984154,62.212820472440164,12.382871187347554,66.74423332730873,11
16079,2.2230528344371265,-274146.643943835,-274146.666984154,18.50299593571779,95.5599470107679,82.43586483616701,13
77581,4.1509235532780595,-274146.623962863,-274146.666984154,97.02653806871895,65.33185299509678,25.149735936985874,11
2057,-4.852350301297994,-274146.717275221,-274146.666984154,2.5558774686607872,92.45573239213157,50.01566592397808,14
47159,-1.390720856130436,-274146.68139796,-274146.666984154,58.399475458215015,3.821620572078454,69.65898041984876,11
57220,0.09391708877619388,-274146.666010772,-274146.666984154,71.67471461603209,32.70940661922886,4.600153509583819,13
47166,-1.7660715710159653,-274146.685288196,-274146.666984154,58.691750367200044,21.002312673645868,17.89394385223411,14
8329,4.396437719350002,-274146.621418288,-274146.666984154,9.912928262745188,50.326095711041084,41.07771393826425,11
8363,0.7155023241500422,-274146.659568495,-274146.666984154,11.452450554374442,82.31148562773659,88.44265294055532,13
31207,4.445657491655537,-274146.620908161,-274146.666984154,38.961158641980816,96.4300974026229,73.16388577033898,11
52031,-0.9085904039200374,-274146.67640103,-274146.666984154,65.10372501377277,52.72198228047262,69.27988920051311,13
34897,3.9722364795067002,-274146.625814824,-274146.666984154,42.967446608195914,36.53749238713842,48.5452408163757,11
26167,-4.069244273100884,-274146.709158899,-274146.666984154,33.017829570182826,34.00754520209041,44.44976386528684,13
69668,2.6274879880561186,-274146.63975216,-274146.666984154,87.52632901502672,71.55792146149851,20.043412380778502,11
33625,0.04119277740825729,-274146.666557221,-274146.666984154,43.4838796662424,97.41563164902301,69.68941413485132,13
14806,0.024604340169591222,-274146.666729148,-274146.666984154,17.3698319012319,76.19674174298032,8.748248118410404,13
43244,1.025985270984938,-274146.656350566,-274146.666984154,53.830199117497656,30.17457448897724,85.27774181920175,11
75287,-0.9832314579696899,-274146.67717463,-274146.666984154,94.1724108353852,52.177207356048754,49.50389459710945,13
21788,1.352442429699429,-274146.652967076,-274146.666984154,27.72525306312791,50.94444530898768,17.147227663718112,11
29728,-0.7038620383744308,-274146.67427917,-274146.666984154,37.1814798071795,88.43603108764893,14.573482524234292,13
55263,-0.9888320473179256,-274146.677232676,-274146.666984154,73.18046319265991,56.87017966523835,70.52311117032103,11
63694,1.245367157461423,-274146.654076833,-274146.666984154,80.40032439783899,20.672060125237312,15.944765706238185,13
45524,4.547321574784954,-274146.619854487,-274146.666984154,56.10344101634624,26.616396355827558,17.989645636196055,11
58432,-1.3144989862684782,-274146.680607976,-274146.666984154,73.81982502762389,43.860565871882336,17.791382412940223,13
30312,0.22208241242337057,-274146.664682432,-274146.666984154,37.008679592962565,40.63947691453,57.56056423027127,13
64816,3.9096558075238974,-274146.626463427,-274146.666984154,80.92575696692288,60.434456073882934,58.814322579685104,11
4162,3.5783742836908545,-274146.629896918,-274146.666984154,4.595271854079954,62.98911669596939,27.723809492397784,11
33165,-2.979155501436077,-274146.697860925,-274146.666984154,43.54525441615341,79.9682414196341,73.30725726508484,13
8949,2.444982509079765,-274146.641643696,-274146.666984154,10.034259453442294,79.31713833501658,96.89193826233765,13
7873,5.905474873251006,-274146.60577822,-274146.666984154,8.672059834774458,79.15988392568812,8.063241984778202,10
19525,1.6521661073935556,-274146.649860659,-274146.666984154,23.873630581353552,35.33094551210788,51.98162869006202,11
39116,1.6890208981957158,-274146.649478686,-274146.666984154,48.47089491965849,71.06171515880425,73.64968209182415,11
41224,2.026449303356313,-274146.645981487,-274146.666984154,49.41288127515143,86.15260546387074,2.3144422789071095,11
44854,-3.433118699782445,-274146.702565922,-274146.666984154,57.41747448001492,53.402294128138365,15.918220452565153,13
40708,1.4545199539402711,-274146.651909117,-274146.666984154,49.32599783124439,30.92313188505309,65.46382817005265,11
3250,-1.2104755436124632,-274146.679529849,-274146.666984154,2.149165873883029,86.1465599277368,25.43474679603452,13
24882,1.2093251578727073,-274146.654450382,-274146.666984154,31.58365904948335,19.246673409570175,22.909948865405163,10
59267,4.209628411407734,-274146.62335443,-274146.666984154,73.9381551350039,84.73596688920924,22.06650410619127,11
52622,0.5349834753175179,-274146.661439441,-274146.666984154,64.84475202262144,67.21798364275938,74.86656295273517,13
9065,1.1937519416374802,-274146.654611787,-274146.666984154,9.790088822162442,79.03419972227265,84.38668011652014,13
25616,-1.6957477517670048,-274146.684559341,-274146.666984154,30.82993707768798,25.314165718900583,62.65963304408903,13
29114,-1.4396998007857456,-274146.681905591,-274146.666984154,36.77954064407436,90.85455914699232,66.88538199523485,13
3818,-0.7624252563059132,-274146.674886135,-274146.666984154,3.9315930906464,12.036201825265929,37.2147025304888,13
61991,-3.6020506222177495,-274146.704316778,-274146.666984154,76.45072474856417,18.76533725163748,58.580787415966405,13
5067,1.0909214441749049,-274146.65567755,-274146.666984154,5.55968290232749,94.69134096651007,47.24390110104089,13
42127,-1.1871800330078228,-274146.679288408,-274146.666984154,52.628451464459935,86.95794587858416,36.89770570378814,13
22894,0.28813463399497463,-274146.663997849,-274146.666984154,27.499897629175933,92.54663128463378,68.0222323197997,13
53459,-0.4651648544186065,-274146.671805248,-274146.666984154,66.62064975417692,28.619535011024944,21.536378085438827,13
61679,-1.0258278043760192,-274146.67761611,-274146.666984154,74.33774577791479,21.581094441517386,64.92888276741881,13
